고객ID,고객명,Tier,업종,손익코드,손익명,매출코드,매출명,고객소통명,25년매출,26년매출,대분류,중분류,AX구분_대,AX구분_중,AI Stack
cust001,고객 001,Tier1,온라인/IT,D20,손익001,D24,상품001,,357324000,2163000,대분류001,중분류001,AX,Infra,AI Infra
cust001,고객 001,Tier1,온라인/IT,T13,손익002,T13,상품002,,0,2400000,대분류002,중분류002,Legacy,Application,Application
cust002,고객 002,Tier1,대기업,A40,손익003,A42,상품003,,369718000,102000000,대분류003,중분류003,AX,Infra,AI Platform
cust002,고객 002,Tier1,대기업,T13,손익002,T13,상품002,,0,889800,대분류002,중분류002,Legacy,Application,Application
cust003,고객 003,Tier2,온라인/IT,D20,손익001,D24,상품001,,7581159950,0,대분류001,중분류001,AX,Infra,AI Infra
cust004,고객 004,Tier3,금융,D20,손익001,D24,상품001,,69809000,49100000,대분류001,중분류001,AX,Infra,AI Infra
cust005,고객 005,Tier1,글로벌,D20,손익001,D24,상품001,,0,1097606540,대분류001,중분류001,AX,Infra,AI Infra
cust006,고객 006,Tier1,글로벌,D20,손익001,D24,상품001,,1494287175,648695520,대분류001,중분류001,AX,Infra,AI Infra
cust007,고객 007,Tier1,글로벌,D20,손익001,D24,상품001,,540850597,1788656,대분류001,중분류001,AX,Infra,AI Infra
cust008,고객 008,Tier3,글로벌,B60,손익004,B60,상품004,,-752626,0,대분류002,중분류004,Legacy,Application,Application
cust008,고객 008,Tier3,글로벌,T13,손익002,T13,상품002,,0,847814614,대분류002,중분류002,Legacy,Application,Application
cust009,고객 009,Tier2,대기업,T13,손익002,T13,상품002,,0,261000,대분류002,중분류002,Legacy,Application,Application
cust010,고객 010,Tier3,온라인/IT,D20,손익001,D24,상품001,,2767925460,1631495340,대분류001,중분류001,AX,Infra,AI Infra
cust011,고객 011,Tier2,SME,T13,손익002,T13,상품002,,0,662170,대분류002,중분류002,Legacy,Application,Application
cust012,고객 012,Tier3,금융,A10,손익005,A12,상품005,,0,120,대분류004,중분류005,Legacy,Infra,NW Infra
cust012,고객 012,Tier3,금융,T13,손익002,T13,상품002,,0,286700,대분류002,중분류002,Legacy,Application,Application
cust013,고객 013,Tier3,금융,T13,손익002,T13,상품002,,0,108000,대분류002,중분류002,Legacy,Application,Application
cust014,고객 014,Tier2,대기업,E20,손익006,E23,상품006,,5932500,0,대분류004,중분류006,Legacy,Application,Application
cust014,고객 014,Tier2,대기업,T30,손익007,T37,상품007,상품_대외용_001,10800000,5400000,대분류005,중분류007,Legacy,Infra,Application
cust014,고객 014,Tier2,대기업,T30,손익007,T31,상품008,,0,19171613,대분류005,중분류007,Legacy,Application,Application
cust015,고객 015,Tier3,대기업,D20,손익001,E42,상품009,,38753771,17761069,대분류001,중분류001,AX,Infra,AI Infra
cust015,고객 015,Tier3,대기업,T10,손익008,T11,상품010,상품_대외용_002,1620471,0,대분류002,중분류002,Legacy,Application,Application
cust015,고객 015,Tier3,대기업,T13,손익002,T13,상품002,,0,760892,대분류002,중분류002,Legacy,Application,Application
cust016,고객 016,Tier1,금융,T13,손익002,T13,상품002,,0,1451400,대분류002,중분류002,Legacy,Application,Application
cust017,고객 017,Tier2,금융,T13,손익002,T13,상품002,,0,3587400,대분류002,중분류002,Legacy,Application,Application
cust018,고객 018,Tier3,금융,T13,손익002,T13,상품002,,0,114240,대분류002,중분류002,Legacy,Application,Application
cust019,고객 019,Tier3,대기업,T30,손익007,T31,상품008,,673599,346597,대분류005,중분류007,Legacy,Application,Application
cust020,고객 020,Tier2,온라인/IT,T13,손익002,T13,상품002,,0,135000,대분류002,중분류002,Legacy,Application,Application
cust021,고객 021,Tier3,온라인/IT,D20,손익001,D24,상품001,,14410000,0,대분류001,중분류001,AX,Infra,AI Infra
cust022,고객 022,Tier2,금융,D20,손익001,D24,상품001,,8779713845,0,대분류001,중분류001,AX,Infra,AI Infra
cust023,고객 023,Tier2,금융,A10,손익005,A12,상품005,,0,40,대분류004,중분류005,Legacy,Infra,NW Infra
cust024,고객 024,Tier2,대기업,T13,손익002,T13,상품002,,0,118800,대분류002,중분류002,Legacy,Application,Application
cust025,고객 025,Tier1,공공,T13,손익002,T13,상품002,,0,402600,대분류002,중분류002,Legacy,Application,Application
cust026,고객 026,Tier2,금융,T13,손익002,T13,상품002,,0,693591,대분류002,중분류002,Legacy,Application,Application
cust027,고객 027,Tier3,온라인/IT,A30,손익009,A32,상품011,상품_대외용_003,33740086,17091237,대분류004,중분류008,Legacy,Infra,NW Infra
cust027,고객 027,Tier3,온라인/IT,A35,손익010,A35,상품012,상품_대외용_004,769553,126000,대분류003,중분류009,AX,Application,AI Model
cust027,고객 027,Tier3,온라인/IT,A36,손익011,A36,상품013,상품_대외용_005,456000,228000,대분류003,중분류010,AX,Application,AI Model
cust027,고객 027,Tier3,온라인/IT,B30,손익012,B32,상품014,상품_대외용_006,231600000,115800000,대분류004,중분류011,Legacy,Infra,NW Infra
cust027,고객 027,Tier3,온라인/IT,B38,손익013,B38,상품015,상품_대외용_007,5971132,20442000,대분류004,중분류012,Legacy,Application,AI Platform
cust027,고객 027,Tier3,온라인/IT,D20,손익001,D21,상품016,상품_대외용_008,1572582000,786291000,대분류001,중분류001,AX,Infra,AI Infra
cust027,고객 027,Tier3,온라인/IT,E20,손익006,E26,상품017,상품_대외용_009,43498400,26068500,대분류004,중분류006,Legacy,Application,Application
cust027,고객 027,Tier3,온라인/IT,E20,손익006,E22,상품018,상품_대외용_010,3465600,1732800,대분류004,중분류006,Legacy,Application,Application
cust027,고객 027,Tier3,온라인/IT,E20,손익006,E25,상품019,상품_대외용_011,831426,401609,대분류004,중분류006,Legacy,Application,Application
cust027,고객 027,Tier3,온라인/IT,E30,손익014,E34,상품020,상품_대외용_012,0,4172102,대분류004,중분류013,Legacy,Application,Application
cust027,고객 027,Tier3,온라인/IT,E30,손익014,E32,상품021,상품_대외용_013,29627622,5766121,대분류004,중분류013,Legacy,Application,Application
cust027,고객 027,Tier3,온라인/IT,E30,손익014,E31,상품022,상품_대외용_013,146399351,25253915,대분류004,중분류013,Legacy,Application,Application
cust027,고객 027,Tier3,온라인/IT,K10,손익015,K11,상품023,상품_대외용_014,10386988,5145342,대분류004,중분류014,Legacy,Infra,NW Infra
cust027,고객 027,Tier3,온라인/IT,K10,손익015,K13,상품024,상품_대외용_014,627495,479154,대분류004,중분류014,Legacy,Infra,NW Infra
cust027,고객 027,Tier3,온라인/IT,K14,손익016,K14,상품025,상품_대외용_015,2885488,4457773,대분류004,중분류014,Legacy,Infra,NW Infra
cust027,고객 027,Tier3,온라인/IT,L10,손익017,L11,상품026,상품_대외용_016,701783396,355054307,대분류004,중분류015,Legacy,Infra,NW Infra
cust027,고객 027,Tier3,온라인/IT,V10,손익018,V11,상품027,상품_대외용_017,17832739,9127265,대분류002,중분류002,Legacy,Infra,NW Infra
cust027,고객 027,Tier3,온라인/IT,X10,손익019,X11,상품028,상품_대외용_018,673972738,43433567,대분류004,중분류016,Legacy,Infra,NW Infra
cust001,고객 001,Tier1,온라인/IT,A30,손익009,A32,상품011,상품_대외용_003,59951867,31728099,대분류004,중분류008,Legacy,Infra,NW Infra
cust001,고객 001,Tier1,온라인/IT,A30,손익009,A33,상품029,상품_대외용_019,19207480,25690513,대분류004,중분류008,Legacy,Infra,NW Infra
cust001,고객 001,Tier1,온라인/IT,B30,손익012,B32,상품014,상품_대외용_006,666339769,788379160,대분류004,중분류011,Legacy,Infra,NW Infra
cust001,고객 001,Tier1,온라인/IT,B36,손익020,B36,상품030,상품_대외용_020,4588457,3060000,대분류002,중분류002,Legacy,Infra,NW Infra
cust001,고객 001,Tier1,온라인/IT,B38,손익013,B48,상품031,상품_대외용_021,0,0,대분류004,중분류012,Legacy,Application,AI Platform
cust001,고객 001,Tier1,온라인/IT,B50,손익021,B51,상품032,상품_대외용_022,240000,120000,대분류002,중분류004,Legacy,Infra,NW Infra
cust001,고객 001,Tier1,온라인/IT,D20,손익001,D21,상품016,상품_대외용_008,33093386907,16415709034,대분류001,중분류001,AX,Infra,AI Infra
cust001,고객 001,Tier1,온라인/IT,D20,손익001,D23,상품033,상품_대외용_023,825102,198585,대분류001,중분류001,AX,Infra,AI Infra
cust001,고객 001,Tier1,온라인/IT,E20,손익006,E25,상품019,상품_대외용_011,96000,48000,대분류004,중분류006,Legacy,Application,Application
cust001,고객 001,Tier1,온라인/IT,E30,손익014,E32,상품021,상품_대외용_013,25348,0,대분류004,중분류013,Legacy,Application,Application
cust001,고객 001,Tier1,온라인/IT,E30,손익014,E34,상품020,상품_대외용_012,495736968,258105317,대분류004,중분류013,Legacy,Application,Application
cust001,고객 001,Tier1,온라인/IT,E30,손익014,E31,상품022,상품_대외용_013,2400022,1200000,대분류004,중분류013,Legacy,Application,Application
cust001,고객 001,Tier1,온라인/IT,K10,손익015,K11,상품023,상품_대외용_014,1015352,375816,대분류004,중분류014,Legacy,Infra,NW Infra
cust001,고객 001,Tier1,온라인/IT,K10,손익015,K13,상품024,상품_대외용_014,56,0,대분류004,중분류014,Legacy,Infra,NW Infra
cust001,고객 001,Tier1,온라인/IT,K14,손익016,K14,상품025,상품_대외용_015,32544969,16339194,대분류004,중분류014,Legacy,Infra,NW Infra
cust001,고객 001,Tier1,온라인/IT,L10,손익017,L11,상품026,상품_대외용_016,1829447156,946268970,대분류004,중분류015,Legacy,Infra,NW Infra
cust001,고객 001,Tier1,온라인/IT,L30,손익022,L31,상품034,상품_대외용_024,93700000,45000000,대분류004,중분류015,Legacy,Infra,NW Infra
cust001,고객 001,Tier1,온라인/IT,M20,손익023,M21,상품035,상품_대외용_025,824087,455400,대분류005,중분류017,Legacy,Infra,NW Infra
cust001,고객 001,Tier1,온라인/IT,T10,손익008,T11,상품010,상품_대외용_002,619360,0,대분류002,중분류002,Legacy,Application,Application
cust002,고객 002,Tier1,대기업,A30,손익009,A32,상품011,상품_대외용_003,118538640,53491227,대분류004,중분류008,Legacy,Infra,NW Infra
cust002,고객 002,Tier1,대기업,A30,손익009,A33,상품029,상품_대외용_019,136082,49829,대분류004,중분류008,Legacy,Infra,NW Infra
cust002,고객 002,Tier1,대기업,A36,손익011,A36,상품013,상품_대외용_005,690074551,227411000,대분류003,중분류010,AX,Application,AI Model
cust002,고객 002,Tier1,대기업,B30,손익012,B32,상품014,상품_대외용_006,1392733818,664762214,대분류004,중분류011,Legacy,Infra,NW Infra
cust002,고객 002,Tier1,대기업,B36,손익020,B36,상품030,상품_대외용_020,632443818,309017899,대분류002,중분류002,Legacy,Infra,NW Infra
cust002,고객 002,Tier1,대기업,B38,손익013,B48,상품031,상품_대외용_021,151829674,7453548,대분류004,중분류012,Legacy,Application,AI Platform
cust002,고객 002,Tier1,대기업,B38,손익013,B38,상품015,상품_대외용_007,113057652,53470174,대분류004,중분류012,Legacy,Application,AI Platform
cust002,고객 002,Tier1,대기업,B38,손익013,B49,상품036,상품_대외용_007,27079406,11591666,대분류004,중분류012,Legacy,Application,AI Platform
cust002,고객 002,Tier1,대기업,B50,손익021,B51,상품032,상품_대외용_022,19103344,12415596,대분류002,중분류004,Legacy,Infra,NW Infra
cust002,고객 002,Tier1,대기업,D20,손익001,D21,상품016,상품_대외용_008,74726134,42740962,대분류001,중분류001,AX,Infra,AI Infra
cust002,고객 002,Tier1,대기업,D20,손익001,D23,상품033,상품_대외용_023,21437400,2771631,대분류001,중분류001,AX,Infra,AI Infra
cust002,고객 002,Tier1,대기업,E20,손익006,E26,상품017,상품_대외용_009,428800,211600,대분류004,중분류006,Legacy,Application,Application
cust002,고객 002,Tier1,대기업,E20,손익006,E22,상품018,상품_대외용_010,0,0,대분류004,중분류006,Legacy,Application,Application
cust002,고객 002,Tier1,대기업,E30,손익014,E32,상품021,상품_대외용_013,870651335,1113219852,대분류004,중분류013,Legacy,Application,Application
cust002,고객 002,Tier1,대기업,E30,손익014,E34,상품020,상품_대외용_012,1022414899,466601217,대분류004,중분류013,Legacy,Application,Application
cust002,고객 002,Tier1,대기업,E30,손익014,E31,상품022,상품_대외용_013,210781291,62486875,대분류004,중분류013,Legacy,Application,Application
cust002,고객 002,Tier1,대기업,E40,손익024,E41,상품037,상품_대외용_026,156000,78000,대분류004,중분류006,Legacy,Application,Application
cust002,고객 002,Tier1,대기업,E63,손익025,E63,상품038,상품_대외용_027,319189000,287600000,대분류005,중분류018,Legacy,Application,NW Infra
cust002,고객 002,Tier1,대기업,K10,손익015,K12,상품039,상품_대외용_014,75000,0,대분류004,중분류014,Legacy,Infra,NW Infra
cust002,고객 002,Tier1,대기업,K10,손익015,K11,상품023,상품_대외용_014,15032128,8596565,대분류004,중분류014,Legacy,Infra,NW Infra
cust002,고객 002,Tier1,대기업,K10,손익015,K13,상품024,상품_대외용_014,31963,38945,대분류004,중분류014,Legacy,Infra,NW Infra
cust002,고객 002,Tier1,대기업,K14,손익016,K14,상품025,상품_대외용_015,334452515,221778121,대분류004,중분류014,Legacy,Infra,NW Infra
cust002,고객 002,Tier1,대기업,L10,손익017,L11,상품026,상품_대외용_016,12524925160,6094770655,대분류004,중분류015,Legacy,Infra,NW Infra
cust002,고객 002,Tier1,대기업,L10,손익017,L13,상품040,상품_대외용_028,15567436,6756512,대분류004,중분류015,Legacy,Infra,NW Infra
cust002,고객 002,Tier1,대기업,L30,손익022,L31,상품034,상품_대외용_024,1234390000,471000000,대분류004,중분류015,Legacy,Infra,NW Infra
cust002,고객 002,Tier1,대기업,L30,손익022,L34,상품041,상품_대외용_016,45006976,38372394,대분류004,중분류015,Legacy,Infra,NW Infra
cust002,고객 002,Tier1,대기업,L30,손익022,L33,상품042,상품_대외용_029,16740000,8370000,대분류004,중분류015,Legacy,Infra,NW Infra
cust002,고객 002,Tier1,대기업,M20,손익023,M21,상품035,상품_대외용_025,12890500,8026370,대분류005,중분류017,Legacy,Infra,NW Infra
cust002,고객 002,Tier1,대기업,T10,손익008,T11,상품010,상품_대외용_002,1730939,0,대분류002,중분류002,Legacy,Application,Application
cust002,고객 002,Tier1,대기업,T12,손익026,T12,상품043,상품_대외용_030,971052,420526,대분류002,중분류004,Legacy,Application,Application
cust002,고객 002,Tier1,대기업,T30,손익007,T37,상품007,상품_대외용_001,6270000,270000,대분류005,중분류007,Legacy,Infra,Application
cust002,고객 002,Tier1,대기업,V10,손익018,V11,상품027,상품_대외용_017,125370866,54795660,대분류002,중분류002,Legacy,Infra,NW Infra
cust002,고객 002,Tier1,대기업,V15,손익027,V15,상품044,상품_대외용_031,155693,65176,대분류002,중분류004,Legacy,Infra,NW Infra
cust002,고객 002,Tier1,대기업,V15,손익027,V16,상품045,상품_대외용_031,577533,594195,대분류002,중분류004,Legacy,Infra,NW Infra
cust002,고객 002,Tier1,대기업,W14,손익028,W14,상품046,상품_대외용_014,75000,0,대분류004,중분류014,Legacy,Infra,NW Infra
cust002,고객 002,Tier1,대기업,W14,손익028,W15,상품047,상품_대외용_014,38014,0,대분류004,중분류014,Legacy,Infra,NW Infra
cust002,고객 002,Tier1,대기업,X10,손익019,X11,상품028,상품_대외용_018,0,7910000,대분류004,중분류016,Legacy,Infra,NW Infra
cust028,고객 028,Tier3,글로벌,L10,손익017,L11,상품026,상품_대외용_016,16080000,8040000,대분류004,중분류015,Legacy,Infra,NW Infra
cust028,고객 028,Tier3,글로벌,L30,손익022,L34,상품041,상품_대외용_016,14400000,7200000,대분류004,중분류015,Legacy,Infra,NW Infra
cust003,고객 003,Tier2,온라인/IT,A30,손익009,A31,상품048,상품_대외용_032,3776156,2236031,대분류004,중분류008,Legacy,Infra,NW Infra
cust003,고객 003,Tier2,온라인/IT,A30,손익009,A32,상품011,상품_대외용_003,297411379,48351994,대분류004,중분류008,Legacy,Infra,NW Infra
cust003,고객 003,Tier2,온라인/IT,A30,손익009,A33,상품029,상품_대외용_019,37141000,26583825,대분류004,중분류008,Legacy,Infra,NW Infra
cust003,고객 003,Tier2,온라인/IT,A35,손익010,A35,상품012,상품_대외용_004,60965973,32074224,대분류003,중분류009,AX,Application,AI Model
cust003,고객 003,Tier2,온라인/IT,B30,손익012,B32,상품014,상품_대외용_006,93190000,85917386,대분류004,중분류011,Legacy,Infra,NW Infra
cust003,고객 003,Tier2,온라인/IT,B36,손익020,B36,상품030,상품_대외용_020,1080000,540000,대분류002,중분류002,Legacy,Infra,NW Infra
cust003,고객 003,Tier2,온라인/IT,D20,손익001,D21,상품016,상품_대외용_008,10716709172,6211666916,대분류001,중분류001,AX,Infra,AI Infra
cust003,고객 003,Tier2,온라인/IT,E30,손익014,E31,상품022,상품_대외용_013,518796,296840,대분류004,중분류013,Legacy,Application,Application
cust003,고객 003,Tier2,온라인/IT,E30,손익014,E34,상품020,상품_대외용_012,848182585,431767760,대분류004,중분류013,Legacy,Application,Application
cust003,고객 003,Tier2,온라인/IT,K10,손익015,K11,상품023,상품_대외용_014,62572701,0,대분류004,중분류014,Legacy,Infra,NW Infra
cust003,고객 003,Tier2,온라인/IT,K14,손익016,K14,상품025,상품_대외용_015,1744924,0,대분류004,중분류014,Legacy,Infra,NW Infra
cust003,고객 003,Tier2,온라인/IT,L10,손익017,L11,상품026,상품_대외용_016,1018883485,537754281,대분류004,중분류015,Legacy,Infra,NW Infra
cust003,고객 003,Tier2,온라인/IT,M20,손익023,M21,상품035,상품_대외용_025,270000,135000,대분류005,중분류017,Legacy,Infra,NW Infra
cust003,고객 003,Tier2,온라인/IT,V10,손익018,V11,상품027,상품_대외용_017,320139,160039,대분류002,중분류002,Legacy,Infra,NW Infra
cust004,고객 004,Tier3,금융,A30,손익009,A32,상품011,상품_대외용_003,9093892,5013728,대분류004,중분류008,Legacy,Infra,NW Infra
cust004,고객 004,Tier3,금융,B30,손익012,B32,상품014,상품_대외용_006,329910605,163857351,대분류004,중분류011,Legacy,Infra,NW Infra
cust004,고객 004,Tier3,금융,B36,손익020,B36,상품030,상품_대외용_020,27048991,14281745,대분류002,중분류002,Legacy,Infra,NW Infra
cust004,고객 004,Tier3,금융,D20,손익001,D21,상품016,상품_대외용_008,5156665114,2633555381,대분류001,중분류001,AX,Infra,AI Infra
cust004,고객 004,Tier3,금융,E20,손익006,E26,상품017,상품_대외용_009,47520,23760,대분류004,중분류006,Legacy,Application,Application
cust004,고객 004,Tier3,금융,E30,손익014,E31,상품022,상품_대외용_013,17724995,29181630,대분류004,중분류013,Legacy,Application,Application
cust004,고객 004,Tier3,금융,K14,손익016,K14,상품025,상품_대외용_015,103301402,55123950,대분류004,중분류014,Legacy,Infra,NW Infra
cust004,고객 004,Tier3,금융,L10,손익017,L11,상품026,상품_대외용_016,4225191808,2114318844,대분류004,중분류015,Legacy,Infra,NW Infra
cust004,고객 004,Tier3,금융,L30,손익022,L31,상품034,상품_대외용_024,168108775,84134656,대분류004,중분류015,Legacy,Infra,NW Infra
cust004,고객 004,Tier3,금융,M20,손익023,M21,상품035,상품_대외용_025,0,0,대분류005,중분류017,Legacy,Infra,NW Infra
cust029,고객 029,Tier3,글로벌,B30,손익012,B32,상품014,상품_대외용_006,8163476554,6151921473,대분류004,중분류011,Legacy,Infra,NW Infra
cust029,고객 029,Tier3,글로벌,K10,손익015,K11,상품023,상품_대외용_014,4205292,2092836,대분류004,중분류014,Legacy,Infra,NW Infra
cust029,고객 029,Tier3,글로벌,K14,손익016,K14,상품025,상품_대외용_015,160628001,105983841,대분류004,중분류014,Legacy,Infra,NW Infra
cust029,고객 029,Tier3,글로벌,L30,손익022,L31,상품034,상품_대외용_024,241704000,120852000,대분류004,중분류015,Legacy,Infra,NW Infra
cust030,고객 030,Tier3,글로벌,B30,손익012,B32,상품014,상품_대외용_006,30730126,45216121,대분류004,중분류011,Legacy,Infra,NW Infra
cust030,고객 030,Tier3,글로벌,B30,손익012,B35,상품049,상품_대외용_033,51076265,36731082,대분류004,중분류011,Legacy,Infra,NW Infra
cust030,고객 030,Tier3,글로벌,D20,손익001,D21,상품016,상품_대외용_008,1059023219,590579299,대분류001,중분류001,AX,Infra,AI Infra
cust030,고객 030,Tier3,글로벌,K14,손익016,K14,상품025,상품_대외용_015,34383076,20537100,대분류004,중분류014,Legacy,Infra,NW Infra
cust030,고객 030,Tier3,글로벌,L10,손익017,L11,상품026,상품_대외용_016,1523094040,723220215,대분류004,중분류015,Legacy,Infra,NW Infra
cust030,고객 030,Tier3,글로벌,L30,손익022,L31,상품034,상품_대외용_024,2605136417,1681499986,대분류004,중분류015,Legacy,Infra,NW Infra
cust005,고객 005,Tier1,글로벌,B30,손익012,B32,상품014,상품_대외용_006,1158300000,711312256,대분류004,중분류011,Legacy,Infra,NW Infra
cust005,고객 005,Tier1,글로벌,B36,손익020,B36,상품030,상품_대외용_020,594000,297000,대분류002,중분류002,Legacy,Infra,NW Infra
cust005,고객 005,Tier1,글로벌,D20,손익001,D22,상품050,상품_대외용_034,1920000,960000,대분류001,중분류001,AX,Infra,AI Infra
cust005,고객 005,Tier1,글로벌,D20,손익001,D21,상품016,상품_대외용_008,41662754242,21811446353,대분류001,중분류001,AX,Infra,AI Infra
cust005,고객 005,Tier1,글로벌,E40,손익024,E41,상품037,상품_대외용_026,748440,374220,대분류004,중분류006,Legacy,Application,Application
cust005,고객 005,Tier1,글로벌,K10,손익015,K11,상품023,상품_대외용_014,53247,26844,대분류004,중분류014,Legacy,Infra,NW Infra
cust005,고객 005,Tier1,글로벌,L10,손익017,L11,상품026,상품_대외용_016,21308260931,10625058016,대분류004,중분류015,Legacy,Infra,NW Infra
cust005,고객 005,Tier1,글로벌,L30,손익022,L31,상품034,상품_대외용_024,985341945,0,대분류004,중분류015,Legacy,Infra,NW Infra
cust005,고객 005,Tier1,글로벌,M20,손익023,M21,상품035,상품_대외용_025,97600,48840,대분류005,중분류017,Legacy,Infra,NW Infra
cust005,고객 005,Tier1,글로벌,V10,손익018,V11,상품027,상품_대외용_017,139669,70031,대분류002,중분류002,Legacy,Infra,NW Infra
cust006,고객 006,Tier1,글로벌,A30,손익009,A32,상품011,상품_대외용_003,1170691,586192,대분류004,중분류008,Legacy,Infra,NW Infra
cust006,고객 006,Tier1,글로벌,B30,손익012,B32,상품014,상품_대외용_006,16098413200,8729442500,대분류004,중분류011,Legacy,Infra,NW Infra
cust006,고객 006,Tier1,글로벌,D20,손익001,D21,상품016,상품_대외용_008,24252738148,11340501703,대분류001,중분류001,AX,Infra,AI Infra
cust006,고객 006,Tier1,글로벌,K10,손익015,K11,상품023,상품_대외용_014,426525,214765,대분류004,중분류014,Legacy,Infra,NW Infra
cust006,고객 006,Tier1,글로벌,K10,손익015,K13,상품024,상품_대외용_014,93,0,대분류004,중분류014,Legacy,Infra,NW Infra
cust006,고객 006,Tier1,글로벌,K14,손익016,K14,상품025,상품_대외용_015,158853488,79309587,대분류004,중분류014,Legacy,Infra,NW Infra
cust006,고객 006,Tier1,글로벌,L10,손익017,L11,상품026,상품_대외용_016,4363592200,2365459200,대분류004,중분류015,Legacy,Infra,NW Infra
cust006,고객 006,Tier1,글로벌,L30,손익022,L33,상품042,상품_대외용_029,578400000,295400000,대분류004,중분류015,Legacy,Infra,NW Infra
cust007,고객 007,Tier1,글로벌,D20,손익001,D21,상품016,상품_대외용_008,25843879258,12993382620,대분류001,중분류001,AX,Infra,AI Infra
cust007,고객 007,Tier1,글로벌,L10,손익017,L11,상품026,상품_대외용_016,5177682176,2755676325,대분류004,중분류015,Legacy,Infra,NW Infra
cust031,고객 031,Tier1,글로벌,L10,손익017,L11,상품026,상품_대외용_016,5286000,3060000,대분류004,중분류015,Legacy,Infra,NW Infra
cust031,고객 031,Tier1,글로벌,T35,손익029,T35,상품051,상품_대외용_035,18066579784,6141060833,대분류006,중분류019,Legacy,Application,NW Infra
cust008,고객 008,Tier3,글로벌,A30,손익009,A31,상품048,상품_대외용_032,192754,107698,대분류004,중분류008,Legacy,Infra,NW Infra
cust008,고객 008,Tier3,글로벌,A30,손익009,A32,상품011,상품_대외용_003,23243025,11178702,대분류004,중분류008,Legacy,Infra,NW Infra
cust008,고객 008,Tier3,글로벌,A30,손익009,A33,상품029,상품_대외용_019,394452205,201429689,대분류004,중분류008,Legacy,Infra,NW Infra
cust008,고객 008,Tier3,글로벌,A37,손익030,A37,상품052,상품_대외용_036,20640000,0,대분류002,중분류002,Legacy,Application,Application
cust008,고객 008,Tier3,글로벌,B30,손익012,B32,상품014,상품_대외용_006,18799032754,9190356117,대분류004,중분류011,Legacy,Infra,NW Infra
cust008,고객 008,Tier3,글로벌,B36,손익020,B36,상품030,상품_대외용_020,58778880,8174277,대분류002,중분류002,Legacy,Infra,NW Infra
cust008,고객 008,Tier3,글로벌,B50,손익021,B51,상품032,상품_대외용_022,2910600,1480300,대분류002,중분류004,Legacy,Infra,NW Infra
cust008,고객 008,Tier3,글로벌,D20,손익001,D23,상품033,상품_대외용_023,0,0,대분류001,중분류001,AX,Infra,AI Infra
cust008,고객 008,Tier3,글로벌,E20,손익006,E26,상품017,상품_대외용_009,48000,24000,대분류004,중분류006,Legacy,Application,Application
cust008,고객 008,Tier3,글로벌,E30,손익014,E31,상품022,상품_대외용_013,6500000,4000000,대분류004,중분류013,Legacy,Application,Application
cust008,고객 008,Tier3,글로벌,K10,손익015,K13,상품024,상품_대외용_014,1494563,732816,대분류004,중분류014,Legacy,Infra,NW Infra
cust008,고객 008,Tier3,글로벌,K10,손익015,K11,상품023,상품_대외용_014,222754407,92243848,대분류004,중분류014,Legacy,Infra,NW Infra
cust008,고객 008,Tier3,글로벌,K14,손익016,K14,상품025,상품_대외용_015,3314764,276253,대분류004,중분류014,Legacy,Infra,NW Infra
cust008,고객 008,Tier3,글로벌,L10,손익017,L11,상품026,상품_대외용_016,1576692117,887388254,대분류004,중분류015,Legacy,Infra,NW Infra
cust008,고객 008,Tier3,글로벌,L30,손익022,L31,상품034,상품_대외용_024,76011188,6849286,대분류004,중분류015,Legacy,Infra,NW Infra
cust008,고객 008,Tier3,글로벌,M20,손익023,M21,상품035,상품_대외용_025,1233655422,537925139,대분류005,중분류017,Legacy,Infra,NW Infra
cust008,고객 008,Tier3,글로벌,T10,손익008,T11,상품010,상품_대외용_002,1612406019,0,대분류002,중분류002,Legacy,Application,Application
cust008,고객 008,Tier3,글로벌,V10,손익018,V11,상품027,상품_대외용_017,375082548,92234928,대분류002,중분류002,Legacy,Infra,NW Infra
cust008,고객 008,Tier3,글로벌,V15,손익027,V15,상품044,상품_대외용_031,77342,36798,대분류002,중분류004,Legacy,Infra,NW Infra
cust008,고객 008,Tier3,글로벌,W14,손익028,W15,상품047,상품_대외용_014,83205157,45789814,대분류004,중분류014,Legacy,Infra,NW Infra
cust008,고객 008,Tier3,글로벌,X10,손익019,X11,상품028,상품_대외용_018,17977000,30360000,대분류004,중분류016,Legacy,Infra,NW Infra
cust032,고객 032,Tier3,금융,A30,손익009,A33,상품029,상품_대외용_019,1995217631,1114520398,대분류004,중분류008,Legacy,Infra,NW Infra
cust032,고객 032,Tier3,금융,A30,손익009,A31,상품048,상품_대외용_032,1004291751,489215210,대분류004,중분류008,Legacy,Infra,NW Infra
cust032,고객 032,Tier3,금융,A30,손익009,A32,상품011,상품_대외용_003,1133604022,563691461,대분류004,중분류008,Legacy,Infra,NW Infra
cust032,고객 032,Tier3,금융,A35,손익010,A35,상품012,상품_대외용_004,602539501,232452445,대분류003,중분류009,AX,Application,AI Model
cust032,고객 032,Tier3,금융,A36,손익011,A36,상품013,상품_대외용_005,796248000,398124000,대분류003,중분류010,AX,Application,AI Model
cust032,고객 032,Tier3,금융,B30,손익012,B32,상품014,상품_대외용_006,219156000,121578000,대분류004,중분류011,Legacy,Infra,NW Infra
cust032,고객 032,Tier3,금융,B36,손익020,B36,상품030,상품_대외용_020,83954169,41725737,대분류002,중분류002,Legacy,Infra,NW Infra
cust032,고객 032,Tier3,금융,B38,손익013,B38,상품015,상품_대외용_007,48000000,26000000,대분류004,중분류012,Legacy,Application,AI Platform
cust032,고객 032,Tier3,금융,B50,손익021,B51,상품032,상품_대외용_022,58354,0,대분류002,중분류004,Legacy,Infra,NW Infra
cust032,고객 032,Tier3,금융,D20,손익001,D21,상품016,상품_대외용_008,1440000,720000,대분류001,중분류001,AX,Infra,AI Infra
cust032,고객 032,Tier3,금융,E30,손익014,E31,상품022,상품_대외용_013,34748236,18555431,대분류004,중분류013,Legacy,Application,Application
cust032,고객 032,Tier3,금융,E30,손익014,E32,상품021,상품_대외용_013,1340619416,571851190,대분류004,중분류013,Legacy,Application,Application
cust032,고객 032,Tier3,금융,E40,손익024,E41,상품037,상품_대외용_026,41774,0,대분류004,중분류006,Legacy,Application,Application
cust032,고객 032,Tier3,금융,K10,손익015,K13,상품024,상품_대외용_014,1835994,81764,대분류004,중분류014,Legacy,Infra,NW Infra
cust032,고객 032,Tier3,금융,K10,손익015,K11,상품023,상품_대외용_014,78955103,26561889,대분류004,중분류014,Legacy,Infra,NW Infra
cust032,고객 032,Tier3,금융,K14,손익016,K14,상품025,상품_대외용_015,1900032893,1094528553,대분류004,중분류014,Legacy,Infra,NW Infra
cust032,고객 032,Tier3,금융,L10,손익017,L11,상품026,상품_대외용_016,449037593,231899018,대분류004,중분류015,Legacy,Infra,NW Infra
cust032,고객 032,Tier3,금융,T12,손익026,T12,상품043,상품_대외용_030,24968,0,대분류002,중분류004,Legacy,Application,Application
cust032,고객 032,Tier3,금융,V10,손익018,V11,상품027,상품_대외용_017,1102960,553024,대분류002,중분류002,Legacy,Infra,NW Infra
cust033,고객 033,Tier2,금융,A30,손익009,A32,상품011,상품_대외용_003,6854395053,2837659862,대분류004,중분류008,Legacy,Infra,NW Infra
cust033,고객 033,Tier2,금융,A30,손익009,A31,상품048,상품_대외용_032,12083025,7315418,대분류004,중분류008,Legacy,Infra,NW Infra
cust033,고객 033,Tier2,금융,A30,손익009,A33,상품029,상품_대외용_019,85663408,45768611,대분류004,중분류008,Legacy,Infra,NW Infra
cust033,고객 033,Tier2,금융,A35,손익010,A35,상품012,상품_대외용_004,291710226,83488360,대분류003,중분류009,AX,Application,AI Model
cust033,고객 033,Tier2,금융,B30,손익012,B32,상품014,상품_대외용_006,455851492,260709546,대분류004,중분류011,Legacy,Infra,NW Infra
cust033,고객 033,Tier2,금융,B36,손익020,B36,상품030,상품_대외용_020,792000,397320,대분류002,중분류002,Legacy,Infra,NW Infra
cust033,고객 033,Tier2,금융,B38,손익013,B48,상품031,상품_대외용_021,107476,630000,대분류004,중분류012,Legacy,Application,AI Platform
cust033,고객 033,Tier2,금융,D20,손익001,D21,상품016,상품_대외용_008,4800000,2400000,대분류001,중분류001,AX,Infra,AI Infra
cust033,고객 033,Tier2,금융,K10,손익015,K13,상품024,상품_대외용_014,1602090,39571135,대분류004,중분류014,Legacy,Infra,NW Infra
cust033,고객 033,Tier2,금융,K10,손익015,K12,상품039,상품_대외용_014,96112790,37637879,대분류004,중분류014,Legacy,Infra,NW Infra
cust033,고객 033,Tier2,금융,K10,손익015,K11,상품023,상품_대외용_014,575127351,183917552,대분류004,중분류014,Legacy,Infra,NW Infra
cust033,고객 033,Tier2,금융,K14,손익016,K14,상품025,상품_대외용_015,4556191,3935831,대분류004,중분류014,Legacy,Infra,NW Infra
cust033,고객 033,Tier2,금융,L10,손익017,L11,상품026,상품_대외용_016,2067656312,1123906921,대분류004,중분류015,Legacy,Infra,NW Infra
cust033,고객 033,Tier2,금융,L30,손익022,L31,상품034,상품_대외용_024,49461381,26559512,대분류004,중분류015,Legacy,Infra,NW Infra
cust033,고객 033,Tier2,금융,M20,손익023,M21,상품035,상품_대외용_025,3309898602,1669795432,대분류005,중분류017,Legacy,Infra,NW Infra
cust033,고객 033,Tier2,금융,V10,손익018,V11,상품027,상품_대외용_017,906681,442485,대분류002,중분류002,Legacy,Infra,NW Infra
cust033,고객 033,Tier2,금융,W14,손익028,W14,상품046,상품_대외용_014,268538,60507,대분류004,중분류014,Legacy,Infra,NW Infra
cust034,고객 034,Tier2,금융,B50,손익021,B51,상품032,상품_대외용_022,0,77417,대분류002,중분류004,Legacy,Infra,NW Infra
cust034,고객 034,Tier2,금융,D25,손익031,D25,상품053,상품_대외용_037,15868800000,4030000000,대분류001,중분류020,AX,Infra,AI Infra
cust035,고객 035,Tier3,금융,A30,손익009,A32,상품011,상품_대외용_003,50486858,25081246,대분류004,중분류008,Legacy,Infra,NW Infra
cust035,고객 035,Tier3,금융,A30,손익009,A33,상품029,상품_대외용_019,3000317,1446374,대분류004,중분류008,Legacy,Infra,NW Infra
cust035,고객 035,Tier3,금융,A30,손익009,A31,상품048,상품_대외용_032,193437,97308,대분류004,중분류008,Legacy,Infra,NW Infra
cust035,고객 035,Tier3,금융,B30,손익012,B32,상품014,상품_대외용_006,46636368,23318184,대분류004,중분류011,Legacy,Infra,NW Infra
cust035,고객 035,Tier3,금융,B36,손익020,B36,상품030,상품_대외용_020,2376000,1188000,대분류002,중분류002,Legacy,Infra,NW Infra
cust035,고객 035,Tier3,금융,D20,손익001,D21,상품016,상품_대외용_008,217698259,131798098,대분류001,중분류001,AX,Infra,AI Infra
cust035,고객 035,Tier3,금융,E30,손익014,E32,상품021,상품_대외용_013,786596085,593436854,대분류004,중분류013,Legacy,Application,Application
cust035,고객 035,Tier3,금융,E30,손익014,E31,상품022,상품_대외용_013,689154312,362329535,대분류004,중분류013,Legacy,Application,Application
cust035,고객 035,Tier3,금융,E40,손익024,E41,상품037,상품_대외용_026,4307097,1987200,대분류004,중분류006,Legacy,Application,Application
cust035,고객 035,Tier3,금융,K10,손익015,K13,상품024,상품_대외용_014,1530826,950258,대분류004,중분류014,Legacy,Infra,NW Infra
cust035,고객 035,Tier3,금융,K10,손익015,K11,상품023,상품_대외용_014,6998081,3534285,대분류004,중분류014,Legacy,Infra,NW Infra
cust035,고객 035,Tier3,금융,K14,손익016,K14,상품025,상품_대외용_015,18315071,9084515,대분류004,중분류014,Legacy,Infra,NW Infra
cust035,고객 035,Tier3,금융,L10,손익017,L11,상품026,상품_대외용_016,2476291270,1229343516,대분류004,중분류015,Legacy,Infra,NW Infra
cust035,고객 035,Tier3,금융,V10,손익018,V11,상품027,상품_대외용_017,26364,12988,대분류002,중분류002,Legacy,Infra,NW Infra
cust009,고객 009,Tier2,대기업,A30,손익009,A33,상품029,상품_대외용_019,27033,11299,대분류004,중분류008,Legacy,Infra,NW Infra
cust009,고객 009,Tier2,대기업,A30,손익009,A31,상품048,상품_대외용_032,1939813,1644716,대분류004,중분류008,Legacy,Infra,NW Infra
cust009,고객 009,Tier2,대기업,B30,손익012,B32,상품014,상품_대외용_006,142220000,33600000,대분류004,중분류011,Legacy,Infra,NW Infra
cust009,고객 009,Tier2,대기업,B36,손익020,B36,상품030,상품_대외용_020,131765371,232389695,대분류002,중분류002,Legacy,Infra,NW Infra
cust009,고객 009,Tier2,대기업,B38,손익013,B38,상품015,상품_대외용_007,3500000,0,대분류004,중분류012,Legacy,Application,AI Platform
cust009,고객 009,Tier2,대기업,B50,손익021,B51,상품032,상품_대외용_022,128354324,51201308,대분류002,중분류004,Legacy,Infra,NW Infra
cust009,고객 009,Tier2,대기업,D20,손익001,D21,상품016,상품_대외용_008,4800000,2400000,대분류001,중분류001,AX,Infra,AI Infra
cust009,고객 009,Tier2,대기업,E20,손익006,E26,상품017,상품_대외용_009,118800,59400,대분류004,중분류006,Legacy,Application,Application
cust009,고객 009,Tier2,대기업,E20,손익006,E21,상품054,상품_대외용_038,0,0,대분류004,중분류006,Legacy,Application,Application
cust009,고객 009,Tier2,대기업,E30,손익014,E31,상품022,상품_대외용_013,12516228,236754,대분류004,중분류013,Legacy,Application,Application
cust009,고객 009,Tier2,대기업,E30,손익014,E32,상품021,상품_대외용_013,155485,937281,대분류004,중분류013,Legacy,Application,Application
cust009,고객 009,Tier2,대기업,E40,손익024,E41,상품037,상품_대외용_026,4372800,2186400,대분류004,중분류006,Legacy,Application,Application
cust009,고객 009,Tier2,대기업,K10,손익015,K13,상품024,상품_대외용_014,532385,205976,대분류004,중분류014,Legacy,Infra,NW Infra
cust009,고객 009,Tier2,대기업,K10,손익015,K11,상품023,상품_대외용_014,4453266,2095264,대분류004,중분류014,Legacy,Infra,NW Infra
cust009,고객 009,Tier2,대기업,K14,손익016,K14,상품025,상품_대외용_015,3983098,150683,대분류004,중분류014,Legacy,Infra,NW Infra
cust009,고객 009,Tier2,대기업,L10,손익017,L11,상품026,상품_대외용_016,653893400,284446700,대분류004,중분류015,Legacy,Infra,NW Infra
cust009,고객 009,Tier2,대기업,L30,손익022,L34,상품041,상품_대외용_016,76845780,16237236,대분류004,중분류015,Legacy,Infra,NW Infra
cust009,고객 009,Tier2,대기업,L30,손익022,L33,상품042,상품_대외용_029,90610000,77220000,대분류004,중분류015,Legacy,Infra,NW Infra
cust009,고객 009,Tier2,대기업,M20,손익023,M21,상품035,상품_대외용_025,41123631,29417509,대분류005,중분류017,Legacy,Infra,NW Infra
cust009,고객 009,Tier2,대기업,M30,손익032,M31,상품055,상품_대외용_039,0,540000,대분류006,중분류019,Legacy,Infra,NW Infra
cust009,고객 009,Tier2,대기업,M30,손익032,M31,상품056,상품_대외용_039,1080000,0,대분류006,중분류019,Legacy,Infra,NW Infra
cust009,고객 009,Tier2,대기업,T10,손익008,T11,상품010,상품_대외용_002,231633,0,대분류002,중분류002,Legacy,Application,Application
cust009,고객 009,Tier2,대기업,T12,손익026,T12,상품043,상품_대외용_030,166600,142800,대분류002,중분류004,Legacy,Application,Application
cust009,고객 009,Tier2,대기업,V10,손익018,V11,상품027,상품_대외용_017,442209,190592,대분류002,중분류002,Legacy,Infra,NW Infra
cust036,고객 036,Tier2,금융,A30,손익009,A32,상품011,상품_대외용_003,71,0,대분류004,중분류008,Legacy,Infra,NW Infra
cust036,고객 036,Tier2,금융,A36,손익011,A36,상품013,상품_대외용_005,1423440000,711720000,대분류003,중분류010,AX,Application,AI Model
cust036,고객 036,Tier2,금융,B30,손익012,B32,상품014,상품_대외용_006,64800000,32400000,대분류004,중분류011,Legacy,Infra,NW Infra
cust036,고객 036,Tier2,금융,B36,손익020,B36,상품030,상품_대외용_020,552000,276000,대분류002,중분류002,Legacy,Infra,NW Infra
cust036,고객 036,Tier2,금융,D20,손익001,D21,상품016,상품_대외용_008,19624771,13224193,대분류001,중분류001,AX,Infra,AI Infra
cust036,고객 036,Tier2,금융,E20,손익006,E22,상품018,상품_대외용_010,84000000,42000000,대분류004,중분류006,Legacy,Application,Application
cust036,고객 036,Tier2,금융,E30,손익014,E32,상품021,상품_대외용_013,3443428000,1745624858,대분류004,중분류013,Legacy,Application,Application
cust036,고객 036,Tier2,금융,E30,손익014,E31,상품022,상품_대외용_013,11360362300,5496788313,대분류004,중분류013,Legacy,Application,Application
cust036,고객 036,Tier2,금융,K14,손익016,K14,상품025,상품_대외용_015,1883964,974742,대분류004,중분류014,Legacy,Infra,NW Infra
cust036,고객 036,Tier2,금융,L10,손익017,L11,상품026,상품_대외용_016,401936462,212267511,대분류004,중분류015,Legacy,Infra,NW Infra
cust036,고객 036,Tier2,금융,L10,손익017,L13,상품040,상품_대외용_028,9225975,460362,대분류004,중분류015,Legacy,Infra,NW Infra
cust036,고객 036,Tier2,금융,L30,손익022,L31,상품034,상품_대외용_024,46080000,23040000,대분류004,중분류015,Legacy,Infra,NW Infra
cust036,고객 036,Tier2,금융,V10,손익018,V11,상품027,상품_대외용_017,3924527,1967783,대분류002,중분류002,Legacy,Infra,NW Infra
cust037,고객 037,Tier2,금융,A30,손익009,A31,상품048,상품_대외용_032,6785264,2594966,대분류004,중분류008,Legacy,Infra,NW Infra
cust037,고객 037,Tier2,금융,A30,손익009,A32,상품011,상품_대외용_003,207419744,168400895,대분류004,중분류008,Legacy,Infra,NW Infra
cust037,고객 037,Tier2,금융,A30,손익009,A33,상품029,상품_대외용_019,2882,875,대분류004,중분류008,Legacy,Infra,NW Infra
cust037,고객 037,Tier2,금융,A35,손익010,A35,상품012,상품_대외용_004,3024000,1512000,대분류003,중분류009,AX,Application,AI Model
cust037,고객 037,Tier2,금융,B50,손익021,B51,상품032,상품_대외용_022,223200,111600,대분류002,중분류004,Legacy,Infra,NW Infra
cust037,고객 037,Tier2,금융,D20,손익001,D23,상품033,상품_대외용_023,2400000,1200000,대분류001,중분류001,AX,Infra,AI Infra
cust037,고객 037,Tier2,금융,D20,손익001,D21,상품016,상품_대외용_008,62400000,31200000,대분류001,중분류001,AX,Infra,AI Infra
cust037,고객 037,Tier2,금융,E40,손익024,E41,상품037,상품_대외용_026,2282129,1044000,대분류004,중분류006,Legacy,Application,Application
cust037,고객 037,Tier2,금융,K10,손익015,K13,상품024,상품_대외용_014,13258479,6995789,대분류004,중분류014,Legacy,Infra,NW Infra
cust037,고객 037,Tier2,금융,K10,손익015,K11,상품023,상품_대외용_014,938197645,621269352,대분류004,중분류014,Legacy,Infra,NW Infra
cust037,고객 037,Tier2,금융,L10,손익017,L11,상품026,상품_대외용_016,48480000,24240000,대분류004,중분류015,Legacy,Infra,NW Infra
cust037,고객 037,Tier2,금융,T12,손익026,T12,상품043,상품_대외용_030,265884,114942,대분류002,중분류004,Legacy,Application,Application
cust037,고객 037,Tier2,금융,V10,손익018,V11,상품027,상품_대외용_017,18788,0,대분류002,중분류002,Legacy,Infra,NW Infra
cust037,고객 037,Tier2,금융,W14,손익028,W15,상품047,상품_대외용_014,6360659,1866885,대분류004,중분류014,Legacy,Infra,NW Infra
cust010,고객 010,Tier3,온라인/IT,A30,손익009,A31,상품048,상품_대외용_032,848991,249663,대분류004,중분류008,Legacy,Infra,NW Infra
cust010,고객 010,Tier3,온라인/IT,A30,손익009,A32,상품011,상품_대외용_003,15814291,6899452,대분류004,중분류008,Legacy,Infra,NW Infra
cust010,고객 010,Tier3,온라인/IT,A35,손익010,A35,상품012,상품_대외용_004,7208955,3861568,대분류003,중분류009,AX,Application,AI Model
cust010,고객 010,Tier3,온라인/IT,B30,손익012,B32,상품014,상품_대외용_006,27925133,13962734,대분류004,중분류011,Legacy,Infra,NW Infra
cust010,고객 010,Tier3,온라인/IT,B36,손익020,E24,상품057,상품_대외용_020,2004377260,0,대분류002,중분류002,Legacy,Infra,NW Infra
cust010,고객 010,Tier3,온라인/IT,B38,손익013,B38,상품015,상품_대외용_007,6511905,3255991,대분류004,중분류012,Legacy,Application,AI Platform
cust010,고객 010,Tier3,온라인/IT,D20,손익001,D21,상품016,상품_대외용_008,6473982997,3462086423,대분류001,중분류001,AX,Infra,AI Infra
cust010,고객 010,Tier3,온라인/IT,D20,손익001,D22,상품050,상품_대외용_034,2520115000,1260066000,대분류001,중분류001,AX,Infra,AI Infra
cust010,고객 010,Tier3,온라인/IT,E20,손익006,E25,상품019,상품_대외용_011,99990,49995,대분류004,중분류006,Legacy,Application,Application
cust010,고객 010,Tier3,온라인/IT,E30,손익014,E31,상품022,상품_대외용_013,2588585,514208,대분류004,중분류013,Legacy,Application,Application
cust010,고객 010,Tier3,온라인/IT,E30,손익014,E32,상품021,상품_대외용_013,1494860,503399,대분류004,중분류013,Legacy,Application,Application
cust010,고객 010,Tier3,온라인/IT,K14,손익016,K14,상품025,상품_대외용_015,4589363,2344410,대분류004,중분류014,Legacy,Infra,NW Infra
cust010,고객 010,Tier3,온라인/IT,L10,손익017,L11,상품026,상품_대외용_016,38836987,20610842,대분류004,중분류015,Legacy,Infra,NW Infra
cust010,고객 010,Tier3,온라인/IT,V10,손익018,V11,상품027,상품_대외용_017,6289360,3109229,대분류002,중분류002,Legacy,Infra,NW Infra
cust038,고객 038,Tier3,온라인/IT,B30,손익012,B32,상품014,상품_대외용_006,283500000,153000000,대분류004,중분류011,Legacy,Infra,NW Infra
cust038,고객 038,Tier3,온라인/IT,D20,손익001,D21,상품016,상품_대외용_008,3816518000,1928304000,대분류001,중분류001,AX,Infra,AI Infra
cust038,고객 038,Tier3,온라인/IT,K14,손익016,K14,상품025,상품_대외용_015,3624796,1810301,대분류004,중분류014,Legacy,Infra,NW Infra
cust038,고객 038,Tier3,온라인/IT,L10,손익017,L11,상품026,상품_대외용_016,215682580,104940000,대분류004,중분류015,Legacy,Infra,NW Infra
cust038,고객 038,Tier3,온라인/IT,V10,손익018,V11,상품027,상품_대외용_017,18422832,8811217,대분류002,중분류002,Legacy,Infra,NW Infra
cust039,고객 039,Tier3,글로벌,B30,손익012,B32,상품014,상품_대외용_006,2993300300,1369902195,대분류004,중분류011,Legacy,Infra,NW Infra
cust040,고객 040,Tier2,금융,A30,손익009,A31,상품048,상품_대외용_032,36508235,18591809,대분류004,중분류008,Legacy,Infra,NW Infra
cust040,고객 040,Tier2,금융,A30,손익009,A32,상품011,상품_대외용_003,1301677493,458126200,대분류004,중분류008,Legacy,Infra,NW Infra
cust040,고객 040,Tier2,금융,A35,손익010,A35,상품012,상품_대외용_004,2416954397,1259500528,대분류003,중분류009,AX,Application,AI Model
cust040,고객 040,Tier2,금융,A36,손익011,A36,상품013,상품_대외용_005,63084000,31542000,대분류003,중분류010,AX,Application,AI Model
cust040,고객 040,Tier2,금융,B36,손익020,B36,상품030,상품_대외용_020,1080000,540000,대분류002,중분류002,Legacy,Infra,NW Infra
cust040,고객 040,Tier2,금융,E30,손익014,E31,상품022,상품_대외용_013,6107593809,2767526353,대분류004,중분류013,Legacy,Application,Application
cust040,고객 040,Tier2,금융,E30,손익014,E32,상품021,상품_대외용_013,4231372772,2081565628,대분류004,중분류013,Legacy,Application,Application
cust040,고객 040,Tier2,금융,E40,손익024,E41,상품037,상품_대외용_026,4687800,2340000,대분류004,중분류006,Legacy,Application,Application
cust040,고객 040,Tier2,금융,K10,손익015,K11,상품023,상품_대외용_014,366248192,210517707,대분류004,중분류014,Legacy,Infra,NW Infra
cust040,고객 040,Tier2,금융,K10,손익015,K13,상품024,상품_대외용_014,19701549,18634972,대분류004,중분류014,Legacy,Infra,NW Infra
cust040,고객 040,Tier2,금융,K14,손익016,K14,상품025,상품_대외용_015,6600284,5731962,대분류004,중분류014,Legacy,Infra,NW Infra
cust040,고객 040,Tier2,금융,L10,손익017,L11,상품026,상품_대외용_016,3060087,1243491,대분류004,중분류015,Legacy,Infra,NW Infra
cust040,고객 040,Tier2,금융,W14,손익028,W15,상품047,상품_대외용_014,168,393,대분류004,중분류014,Legacy,Infra,NW Infra
cust011,고객 011,Tier2,SME,A30,손익009,A32,상품011,상품_대외용_003,60723408,32812155,대분류004,중분류008,Legacy,Infra,NW Infra
cust011,고객 011,Tier2,SME,B36,손익020,B36,상품030,상품_대외용_020,31204776,14763024,대분류002,중분류002,Legacy,Infra,NW Infra
cust011,고객 011,Tier2,SME,B50,손익021,B51,상품032,상품_대외용_022,2899836,1449918,대분류002,중분류004,Legacy,Infra,NW Infra
cust011,고객 011,Tier2,SME,E20,손익006,E26,상품017,상품_대외용_009,22138,10956,대분류004,중분류006,Legacy,Application,Application
cust011,고객 011,Tier2,SME,E30,손익014,E31,상품022,상품_대외용_013,5061558,187400,대분류004,중분류013,Legacy,Application,Application
cust011,고객 011,Tier2,SME,E40,손익024,E41,상품037,상품_대외용_026,2308512,1077301,대분류004,중분류006,Legacy,Application,Application
cust011,고객 011,Tier2,SME,K10,손익015,K13,상품024,상품_대외용_014,670374,266345,대분류004,중분류014,Legacy,Infra,NW Infra
cust011,고객 011,Tier2,SME,K10,손익015,K11,상품023,상품_대외용_014,43998677,20769951,대분류004,중분류014,Legacy,Infra,NW Infra
cust011,고객 011,Tier2,SME,K14,손익016,K14,상품025,상품_대외용_015,248654,298352,대분류004,중분류014,Legacy,Infra,NW Infra
cust011,고객 011,Tier2,SME,M20,손익023,M21,상품035,상품_대외용_025,5518069756,2924873442,대분류005,중분류017,Legacy,Infra,NW Infra
cust011,고객 011,Tier2,SME,T10,손익008,T11,상품010,상품_대외용_002,1217286,0,대분류002,중분류002,Legacy,Application,Application
cust011,고객 011,Tier2,SME,T12,손익026,T12,상품043,상품_대외용_030,1367652,683826,대분류002,중분류004,Legacy,Application,Application
cust011,고객 011,Tier2,SME,T34,손익033,T34,상품058,상품_대외용_040,67200000,33600000,대분류005,중분류021,Legacy,Infra,NW Infra
cust011,고객 011,Tier2,SME,V10,손익018,V11,상품027,상품_대외용_017,54834282,25320729,대분류002,중분류002,Legacy,Infra,NW Infra
cust012,고객 012,Tier3,금융,A30,손익009,A32,상품011,상품_대외용_003,275843776,147195275,대분류004,중분류008,Legacy,Infra,NW Infra
cust012,고객 012,Tier3,금융,A30,손익009,A33,상품029,상품_대외용_019,9824825,4846889,대분류004,중분류008,Legacy,Infra,NW Infra
cust012,고객 012,Tier3,금융,A30,손익009,A31,상품048,상품_대외용_032,1166168,683641,대분류004,중분류008,Legacy,Infra,NW Infra
cust012,고객 012,Tier3,금융,A35,손익010,A35,상품012,상품_대외용_004,383971,0,대분류003,중분류009,AX,Application,AI Model
cust012,고객 012,Tier3,금융,B30,손익012,B32,상품014,상품_대외용_006,356712000,178356000,대분류004,중분류011,Legacy,Infra,NW Infra
cust012,고객 012,Tier3,금융,B36,손익020,B36,상품030,상품_대외용_020,6072000,3036000,대분류002,중분류002,Legacy,Infra,NW Infra
cust012,고객 012,Tier3,금융,B38,손익013,B38,상품015,상품_대외용_007,21600000,10800000,대분류004,중분류012,Legacy,Application,AI Platform
cust012,고객 012,Tier3,금융,B50,손익021,B51,상품032,상품_대외용_022,337000,186000,대분류002,중분류004,Legacy,Infra,NW Infra
cust012,고객 012,Tier3,금융,D20,손익001,D21,상품016,상품_대외용_008,999900000,516110000,대분류001,중분류001,AX,Infra,AI Infra
cust012,고객 012,Tier3,금융,E30,손익014,E32,상품021,상품_대외용_013,702085010,265467654,대분류004,중분류013,Legacy,Application,Application
cust012,고객 012,Tier3,금융,E30,손익014,E31,상품022,상품_대외용_013,27257756,833923879,대분류004,중분류013,Legacy,Application,Application
cust012,고객 012,Tier3,금융,E40,손익024,E41,상품037,상품_대외용_026,1368000,684000,대분류004,중분류006,Legacy,Application,Application
cust012,고객 012,Tier3,금융,K10,손익015,K11,상품023,상품_대외용_014,1556420923,784338303,대분류004,중분류014,Legacy,Infra,NW Infra
cust012,고객 012,Tier3,금융,K10,손익015,K13,상품024,상품_대외용_014,10858668,6037980,대분류004,중분류014,Legacy,Infra,NW Infra
cust012,고객 012,Tier3,금융,K14,손익016,K14,상품025,상품_대외용_015,82916814,18042831,대분류004,중분류014,Legacy,Infra,NW Infra
cust012,고객 012,Tier3,금융,L10,손익017,L11,상품026,상품_대외용_016,790140178,434689707,대분류004,중분류015,Legacy,Infra,NW Infra
cust012,고객 012,Tier3,금융,T10,손익008,T11,상품010,상품_대외용_002,596400,0,대분류002,중분류002,Legacy,Application,Application
cust012,고객 012,Tier3,금융,T12,손익026,T12,상품043,상품_대외용_030,519998,297600,대분류002,중분류004,Legacy,Application,Application
cust012,고객 012,Tier3,금융,V10,손익018,V11,상품027,상품_대외용_017,14671985,7356636,대분류002,중분류002,Legacy,Infra,NW Infra
cust012,고객 012,Tier3,금융,W14,손익028,W15,상품047,상품_대외용_014,371922,458105,대분류004,중분류014,Legacy,Infra,NW Infra
cust041,고객 041,Tier3,온라인/IT,A30,손익009,A33,상품029,상품_대외용_019,139742161,366566,대분류004,중분류008,Legacy,Infra,NW Infra
cust041,고객 041,Tier3,온라인/IT,A30,손익009,A31,상품048,상품_대외용_032,1248199,625483,대분류004,중분류008,Legacy,Infra,NW Infra
cust041,고객 041,Tier3,온라인/IT,A30,손익009,A32,상품011,상품_대외용_003,18139522,16194726,대분류004,중분류008,Legacy,Infra,NW Infra
cust041,고객 041,Tier3,온라인/IT,B30,손익012,B32,상품014,상품_대외용_006,1258065,8383333,대분류004,중분류011,Legacy,Infra,NW Infra
cust041,고객 041,Tier3,온라인/IT,B36,손익020,B36,상품030,상품_대외용_020,4075903,1867666,대분류002,중분류002,Legacy,Infra,NW Infra
cust041,고객 041,Tier3,온라인/IT,D20,손익001,D21,상품016,상품_대외용_008,3649958147,2017206842,대분류001,중분류001,AX,Infra,AI Infra
cust041,고객 041,Tier3,온라인/IT,E30,손익014,E34,상품020,상품_대외용_012,132310951,78599256,대분류004,중분류013,Legacy,Application,Application
cust041,고객 041,Tier3,온라인/IT,K10,손익015,K11,상품023,상품_대외용_014,35539199,7074172,대분류004,중분류014,Legacy,Infra,NW Infra
cust041,고객 041,Tier3,온라인/IT,K10,손익015,K13,상품024,상품_대외용_014,350494,73044,대분류004,중분류014,Legacy,Infra,NW Infra
cust041,고객 041,Tier3,온라인/IT,L10,손익017,L11,상품026,상품_대외용_016,577946495,319184000,대분류004,중분류015,Legacy,Infra,NW Infra
cust041,고객 041,Tier3,온라인/IT,V10,손익018,V11,상품027,상품_대외용_017,1065334,666672,대분류002,중분류002,Legacy,Infra,NW Infra
cust041,고객 041,Tier3,온라인/IT,W14,손익028,W15,상품047,상품_대외용_014,20266,0,대분류004,중분류014,Legacy,Infra,NW Infra
cust013,고객 013,Tier3,금융,A30,손익009,A33,상품029,상품_대외용_019,483951,2282753,대분류004,중분류008,Legacy,Infra,NW Infra
cust013,고객 013,Tier3,금융,A30,손익009,A31,상품048,상품_대외용_032,5220970,2320767,대분류004,중분류008,Legacy,Infra,NW Infra
cust013,고객 013,Tier3,금융,A30,손익009,A32,상품011,상품_대외용_003,184113803,80981990,대분류004,중분류008,Legacy,Infra,NW Infra
cust013,고객 013,Tier3,금융,A35,손익010,A35,상품012,상품_대외용_004,61559031,29734760,대분류003,중분류009,AX,Application,AI Model
cust013,고객 013,Tier3,금융,B30,손익012,B32,상품014,상품_대외용_006,245000000,135000000,대분류004,중분류011,Legacy,Infra,NW Infra
cust013,고객 013,Tier3,금융,B36,손익020,B36,상품030,상품_대외용_020,576831547,287217421,대분류002,중분류002,Legacy,Infra,NW Infra
cust013,고객 013,Tier3,금융,D20,손익001,D21,상품016,상품_대외용_008,483871,1800000,대분류001,중분류001,AX,Infra,AI Infra
cust013,고객 013,Tier3,금융,E30,손익014,E31,상품022,상품_대외용_013,4017324027,1978832154,대분류004,중분류013,Legacy,Application,Application
cust013,고객 013,Tier3,금융,E30,손익014,E34,상품020,상품_대외용_012,26350323,148251179,대분류004,중분류013,Legacy,Application,Application
cust013,고객 013,Tier3,금융,E30,손익014,E32,상품021,상품_대외용_013,3090127790,1785757166,대분류004,중분류013,Legacy,Application,Application
cust013,고객 013,Tier3,금융,E40,손익024,E41,상품037,상품_대외용_026,680333,216000,대분류004,중분류006,Legacy,Application,Application
cust013,고객 013,Tier3,금융,K14,손익016,K14,상품025,상품_대외용_015,7822843,3911720,대분류004,중분류014,Legacy,Infra,NW Infra
cust013,고객 013,Tier3,금융,L10,손익017,L11,상품026,상품_대외용_016,3800161880,1881201249,대분류004,중분류015,Legacy,Infra,NW Infra
cust013,고객 013,Tier3,금융,T10,손익008,T11,상품010,상품_대외용_002,189871,0,대분류002,중분류002,Legacy,Application,Application
cust013,고객 013,Tier3,금융,V10,손익018,V11,상품027,상품_대외용_017,24914,9727,대분류002,중분류002,Legacy,Infra,NW Infra
cust014,고객 014,Tier2,대기업,A30,손익009,A33,상품029,상품_대외용_019,0,7309885,대분류004,중분류008,Legacy,Infra,NW Infra
cust014,고객 014,Tier2,대기업,A30,손익009,A31,상품048,상품_대외용_032,125044,59365,대분류004,중분류008,Legacy,Infra,NW Infra
cust014,고객 014,Tier2,대기업,B30,손익012,B32,상품014,상품_대외용_006,384657717,197479500,대분류004,중분류011,Legacy,Infra,NW Infra
cust014,고객 014,Tier2,대기업,B36,손익020,B36,상품030,상품_대외용_020,420521790,208843946,대분류002,중분류002,Legacy,Infra,NW Infra
cust014,고객 014,Tier2,대기업,B38,손익013,B48,상품031,상품_대외용_021,949261,0,대분류004,중분류012,Legacy,Application,AI Platform
cust014,고객 014,Tier2,대기업,B38,손익013,B49,상품036,상품_대외용_007,2640000,1320000,대분류004,중분류012,Legacy,Application,AI Platform
cust014,고객 014,Tier2,대기업,B38,손익013,B38,상품015,상품_대외용_007,674742,447581,대분류004,중분류012,Legacy,Application,AI Platform
cust014,고객 014,Tier2,대기업,B50,손익021,B51,상품032,상품_대외용_022,3013165,1827625,대분류002,중분류004,Legacy,Infra,NW Infra
cust014,고객 014,Tier2,대기업,D20,손익001,D21,상품016,상품_대외용_008,6000000,3000000,대분류001,중분류001,AX,Infra,AI Infra
cust014,고객 014,Tier2,대기업,E30,손익014,E31,상품022,상품_대외용_013,2262379951,1497590873,대분류004,중분류013,Legacy,Application,Application
cust014,고객 014,Tier2,대기업,E30,손익014,E32,상품021,상품_대외용_013,3428948399,1528167409,대분류004,중분류013,Legacy,Application,Application
cust014,고객 014,Tier2,대기업,E30,손익014,E34,상품020,상품_대외용_012,51002846,10698977,대분류004,중분류013,Legacy,Application,Application
cust014,고객 014,Tier2,대기업,E40,손익024,E41,상품037,상품_대외용_026,0,41613,대분류004,중분류006,Legacy,Application,Application
cust014,고객 014,Tier2,대기업,K10,손익015,K13,상품024,상품_대외용_014,39,-37,대분류004,중분류014,Legacy,Infra,NW Infra
cust014,고객 014,Tier2,대기업,K10,손익015,K11,상품023,상품_대외용_014,1397712,704669,대분류004,중분류014,Legacy,Infra,NW Infra
cust014,고객 014,Tier2,대기업,K14,손익016,K14,상품025,상품_대외용_015,141176794,68461456,대분류004,중분류014,Legacy,Infra,NW Infra
cust014,고객 014,Tier2,대기업,L10,손익017,L11,상품026,상품_대외용_016,1358954023,665602349,대분류004,중분류015,Legacy,Infra,NW Infra
cust014,고객 014,Tier2,대기업,L30,손익022,L33,상품042,상품_대외용_029,174000000,98481613,대분류004,중분류015,Legacy,Infra,NW Infra
cust014,고객 014,Tier2,대기업,M20,손익023,M21,상품035,상품_대외용_025,990614479,346136999,대분류005,중분류017,Legacy,Infra,NW Infra
cust014,고객 014,Tier2,대기업,M30,손익032,M31,상품056,상품_대외용_039,633338575,0,대분류006,중분류019,Legacy,Infra,NW Infra
cust015,고객 015,Tier3,대기업,A30,손익009,A32,상품011,상품_대외용_003,3388315,1689219,대분류004,중분류008,Legacy,Infra,NW Infra
cust015,고객 015,Tier3,대기업,B30,손익012,B32,상품014,상품_대외용_006,84596516,43306000,대분류004,중분류011,Legacy,Infra,NW Infra
cust015,고객 015,Tier3,대기업,B36,손익020,B36,상품030,상품_대외용_020,668639619,220530091,대분류002,중분류002,Legacy,Infra,NW Infra
cust015,고객 015,Tier3,대기업,B38,손익013,B48,상품031,상품_대외용_021,397600000,23800000,대분류004,중분류012,Legacy,Application,AI Platform
cust015,고객 015,Tier3,대기업,B38,손익013,B49,상품036,상품_대외용_007,82167532,30866029,대분류004,중분류012,Legacy,Application,AI Platform
cust015,고객 015,Tier3,대기업,B38,손익013,B38,상품015,상품_대외용_007,214984000,103140000,대분류004,중분류012,Legacy,Application,AI Platform
cust015,고객 015,Tier3,대기업,D20,손익001,D23,상품033,상품_대외용_023,7507253608,2432088677,대분류001,중분류001,AX,Infra,AI Infra
cust015,고객 015,Tier3,대기업,D20,손익001,D21,상품016,상품_대외용_008,76790000,44940000,대분류001,중분류001,AX,Infra,AI Infra
cust015,고객 015,Tier3,대기업,E20,손익006,E26,상품017,상품_대외용_009,7580,2550,대분류004,중분류006,Legacy,Application,Application
cust015,고객 015,Tier3,대기업,E30,손익014,E32,상품021,상품_대외용_013,291485832,12535289,대분류004,중분류013,Legacy,Application,Application
cust015,고객 015,Tier3,대기업,E30,손익014,E31,상품022,상품_대외용_013,1038523,6941,대분류004,중분류013,Legacy,Application,Application
cust015,고객 015,Tier3,대기업,K10,손익015,K13,상품024,상품_대외용_014,1815010,810217,대분류004,중분류014,Legacy,Infra,NW Infra
cust015,고객 015,Tier3,대기업,K10,손익015,K11,상품023,상품_대외용_014,67267764,32909041,대분류004,중분류014,Legacy,Infra,NW Infra
cust015,고객 015,Tier3,대기업,K14,손익016,K14,상품025,상품_대외용_015,30437562,11388476,대분류004,중분류014,Legacy,Infra,NW Infra
cust015,고객 015,Tier3,대기업,L10,손익017,L11,상품026,상품_대외용_016,701282447,295593910,대분류004,중분류015,Legacy,Infra,NW Infra
cust015,고객 015,Tier3,대기업,L30,손익022,L34,상품041,상품_대외용_016,266874709,166648522,대분류004,중분류015,Legacy,Infra,NW Infra
cust015,고객 015,Tier3,대기업,L30,손익022,L33,상품042,상품_대외용_029,4342116305,2111238717,대분류004,중분류015,Legacy,Infra,NW Infra
cust015,고객 015,Tier3,대기업,L30,손익022,L31,상품034,상품_대외용_024,325395506,48710000,대분류004,중분류015,Legacy,Infra,NW Infra
cust015,고객 015,Tier3,대기업,M20,손익023,M21,상품035,상품_대외용_025,16127658,13389935,대분류005,중분류017,Legacy,Infra,NW Infra
cust015,고객 015,Tier3,대기업,M30,손익032,M31,상품056,상품_대외용_039,1452,0,대분류006,중분류019,Legacy,Infra,NW Infra
cust015,고객 015,Tier3,대기업,T30,손익007,T37,상품007,상품_대외용_001,70538216,17592259,대분류005,중분류007,Legacy,Infra,Application
cust015,고객 015,Tier3,대기업,V10,손익018,V11,상품027,상품_대외용_017,30887570,13099434,대분류002,중분류002,Legacy,Infra,NW Infra
cust015,고객 015,Tier3,대기업,W14,손익028,W15,상품047,상품_대외용_014,900,580,대분류004,중분류014,Legacy,Infra,NW Infra
cust016,고객 016,Tier1,금융,A30,손익009,A32,상품011,상품_대외용_003,5,396,대분류004,중분류008,Legacy,Infra,NW Infra
cust016,고객 016,Tier1,금융,A36,손익011,A36,상품013,상품_대외용_005,1978796000,1061655000,대분류003,중분류010,AX,Application,AI Model
cust016,고객 016,Tier1,금융,B30,손익012,B32,상품014,상품_대외용_006,533908041,266270678,대분류004,중분류011,Legacy,Infra,NW Infra
cust016,고객 016,Tier1,금융,B36,손익020,B36,상품030,상품_대외용_020,6862957,2056660,대분류002,중분류002,Legacy,Infra,NW Infra
cust016,고객 016,Tier1,금융,B38,손익013,B38,상품015,상품_대외용_007,362845093,244800,대분류004,중분류012,Legacy,Application,AI Platform
cust016,고객 016,Tier1,금융,D20,손익001,D21,상품016,상품_대외용_008,32496031,31838981,대분류001,중분류001,AX,Infra,AI Infra
cust016,고객 016,Tier1,금융,E20,손익006,E21,상품054,상품_대외용_038,0,0,대분류004,중분류006,Legacy,Application,Application
cust016,고객 016,Tier1,금융,E30,손익014,E31,상품022,상품_대외용_013,6387213042,2916221540,대분류004,중분류013,Legacy,Application,Application
cust016,고객 016,Tier1,금융,E30,손익014,E32,상품021,상품_대외용_013,1287228498,686858089,대분류004,중분류013,Legacy,Application,Application
cust016,고객 016,Tier1,금융,E40,손익024,E41,상품037,상품_대외용_026,914320,456000,대분류004,중분류006,Legacy,Application,Application
cust016,고객 016,Tier1,금융,K10,손익015,K11,상품023,상품_대외용_014,0,0,대분류004,중분류014,Legacy,Infra,NW Infra
cust016,고객 016,Tier1,금융,K14,손익016,K14,상품025,상품_대외용_015,23721026,11466158,대분류004,중분류014,Legacy,Infra,NW Infra
cust016,고객 016,Tier1,금융,L10,손익017,L11,상품026,상품_대외용_016,701818573,360949454,대분류004,중분류015,Legacy,Infra,NW Infra
cust016,고객 016,Tier1,금융,L10,손익017,L13,상품040,상품_대외용_028,3966844,1980000,대분류004,중분류015,Legacy,Infra,NW Infra
cust016,고객 016,Tier1,금융,L30,손익022,L31,상품034,상품_대외용_024,279499277,121218080,대분류004,중분류015,Legacy,Infra,NW Infra
cust016,고객 016,Tier1,금융,M20,손익023,M21,상품035,상품_대외용_025,174675574,85105065,대분류005,중분류017,Legacy,Infra,NW Infra
cust016,고객 016,Tier1,금융,T10,손익008,T11,상품010,상품_대외용_002,2902800,0,대분류002,중분류002,Legacy,Application,Application
cust016,고객 016,Tier1,금융,V10,손익018,V11,상품027,상품_대외용_017,171016,77166,대분류002,중분류002,Legacy,Infra,NW Infra
cust017,고객 017,Tier2,금융,B30,손익012,B32,상품014,상품_대외용_006,543470000,272770000,대분류004,중분류011,Legacy,Infra,NW Infra
cust017,고객 017,Tier2,금융,B36,손익020,B36,상품030,상품_대외용_020,59343661,30720521,대분류002,중분류002,Legacy,Infra,NW Infra
cust017,고객 017,Tier2,금융,B38,손익013,B38,상품015,상품_대외용_007,737419,540000,대분류004,중분류012,Legacy,Application,AI Platform
cust017,고객 017,Tier2,금융,D20,손익001,D21,상품016,상품_대외용_008,6606360,3300000,대분류001,중분류001,AX,Infra,AI Infra
cust017,고객 017,Tier2,금융,D20,손익001,D22,상품050,상품_대외용_034,4971840,2485920,대분류001,중분류001,AX,Infra,AI Infra
cust017,고객 017,Tier2,금융,D20,손익001,D23,상품033,상품_대외용_023,60341850,33717900,대분류001,중분류001,AX,Infra,AI Infra
cust017,고객 017,Tier2,금융,E30,손익014,E32,상품021,상품_대외용_013,1043429866,581828848,대분류004,중분류013,Legacy,Application,Application
cust017,고객 017,Tier2,금융,E30,손익014,E31,상품022,상품_대외용_013,4460701928,1550247489,대분류004,중분류013,Legacy,Application,Application
cust017,고객 017,Tier2,금융,E40,손익024,E41,상품037,상품_대외용_026,5076000,2538000,대분류004,중분류006,Legacy,Application,Application
cust017,고객 017,Tier2,금융,K10,손익015,K11,상품023,상품_대외용_014,4869448,2429499,대분류004,중분류014,Legacy,Infra,NW Infra
cust017,고객 017,Tier2,금융,K10,손익015,K13,상품024,상품_대외용_014,177738,76241,대분류004,중분류014,Legacy,Infra,NW Infra
cust017,고객 017,Tier2,금융,K14,손익016,K14,상품025,상품_대외용_015,4239405,2341102,대분류004,중분류014,Legacy,Infra,NW Infra
cust017,고객 017,Tier2,금융,L10,손익017,L11,상품026,상품_대외용_016,714603211,573369319,대분류004,중분류015,Legacy,Infra,NW Infra
cust017,고객 017,Tier2,금융,L30,손익022,L31,상품034,상품_대외용_024,56851972,64830892,대분류004,중분류015,Legacy,Infra,NW Infra
cust017,고객 017,Tier2,금융,M20,손익023,M21,상품035,상품_대외용_025,17360144,11101284,대분류005,중분류017,Legacy,Infra,NW Infra
cust017,고객 017,Tier2,금융,M30,손익032,M31,상품055,상품_대외용_039,0,588000,대분류006,중분류019,Legacy,Infra,NW Infra
cust017,고객 017,Tier2,금융,M30,손익032,M31,상품056,상품_대외용_039,1176000,0,대분류006,중분류019,Legacy,Infra,NW Infra
cust017,고객 017,Tier2,금융,T10,손익008,T11,상품010,상품_대외용_002,8255203,0,대분류002,중분류002,Legacy,Application,Application
cust017,고객 017,Tier2,금융,T30,손익007,T37,상품007,상품_대외용_001,49532100,24000000,대분류005,중분류007,Legacy,Infra,Application
cust017,고객 017,Tier2,금융,V10,손익018,V11,상품027,상품_대외용_017,599532,299503,대분류002,중분류002,Legacy,Infra,NW Infra
cust018,고객 018,Tier3,금융,A36,손익011,A36,상품013,상품_대외용_005,3003500000,533000000,대분류003,중분류010,AX,Application,AI Model
cust018,고객 018,Tier3,금융,B30,손익012,B32,상품014,상품_대외용_006,38017209,19007729,대분류004,중분류011,Legacy,Infra,NW Infra
cust018,고객 018,Tier3,금융,B36,손익020,B36,상품030,상품_대외용_020,20176688,7164708,대분류002,중분류002,Legacy,Infra,NW Infra
cust018,고객 018,Tier3,금융,B38,손익013,B48,상품031,상품_대외용_021,1821600,910800,대분류004,중분류012,Legacy,Application,AI Platform
cust018,고객 018,Tier3,금융,B38,손익013,B38,상품015,상품_대외용_007,4087400,1068000,대분류004,중분류012,Legacy,Application,AI Platform
cust018,고객 018,Tier3,금융,B38,손익013,B49,상품036,상품_대외용_007,4800000,2400000,대분류004,중분류012,Legacy,Application,AI Platform
cust018,고객 018,Tier3,금융,D20,손익001,D21,상품016,상품_대외용_008,594057,297000,대분류001,중분류001,AX,Infra,AI Infra
cust018,고객 018,Tier3,금융,E20,손익006,E25,상품019,상품_대외용_011,42667079,22328751,대분류004,중분류006,Legacy,Application,Application
cust018,고객 018,Tier3,금융,E30,손익014,E32,상품021,상품_대외용_013,860017668,488645520,대분류004,중분류013,Legacy,Application,Application
cust018,고객 018,Tier3,금융,E30,손익014,E31,상품022,상품_대외용_013,2287365867,1095184797,대분류004,중분류013,Legacy,Application,Application
cust018,고객 018,Tier3,금융,L10,손익017,L11,상품026,상품_대외용_016,28297075,12870678,대분류004,중분류015,Legacy,Infra,NW Infra
cust018,고객 018,Tier3,금융,L30,손익022,L34,상품041,상품_대외용_016,11250000,4500000,대분류004,중분류015,Legacy,Infra,NW Infra
cust018,고객 018,Tier3,금융,M20,손익023,M21,상품035,상품_대외용_025,148511,74252,대분류005,중분류017,Legacy,Infra,NW Infra
cust018,고객 018,Tier3,금융,T10,손익008,T11,상품010,상품_대외용_002,228480,0,대분류002,중분류002,Legacy,Application,Application
cust018,고객 018,Tier3,금융,V10,손익018,V11,상품027,상품_대외용_017,2798593,1336874,대분류002,중분류002,Legacy,Infra,NW Infra
cust018,고객 018,Tier3,금융,X10,손익019,X11,상품028,상품_대외용_018,257050000,0,대분류004,중분류016,Legacy,Infra,NW Infra
cust042,고객 042,Tier3,대기업,E20,손익006,E25,상품019,상품_대외용_011,90798,40524,대분류004,중분류006,Legacy,Application,Application
cust042,고객 042,Tier3,대기업,K10,손익015,K11,상품023,상품_대외용_014,3299238,1731855,대분류004,중분류014,Legacy,Infra,NW Infra
cust042,고객 042,Tier3,대기업,K10,손익015,K13,상품024,상품_대외용_014,22365,11065,대분류004,중분류014,Legacy,Infra,NW Infra
cust042,고객 042,Tier3,대기업,T35,손익029,T35,상품051,상품_대외용_035,9024000000,5295252616,대분류006,중분류019,Legacy,Application,NW Infra
cust043,고객 043,Tier1,금융,A30,손익009,A33,상품029,상품_대외용_019,14150200,5170504,대분류004,중분류008,Legacy,Infra,NW Infra
cust043,고객 043,Tier1,금융,A30,손익009,A31,상품048,상품_대외용_032,89051474,59976107,대분류004,중분류008,Legacy,Infra,NW Infra
cust043,고객 043,Tier1,금융,A30,손익009,A32,상품011,상품_대외용_003,3012465335,1608010620,대분류004,중분류008,Legacy,Infra,NW Infra
cust043,고객 043,Tier1,금융,A35,손익010,A35,상품012,상품_대외용_004,260655458,116955149,대분류003,중분류009,AX,Application,AI Model
cust043,고객 043,Tier1,금융,A36,손익011,A36,상품013,상품_대외용_005,409000000,24210000,대분류003,중분류010,AX,Application,AI Model
cust043,고객 043,Tier1,금융,B30,손익012,B32,상품014,상품_대외용_006,331800000,168600000,대분류004,중분류011,Legacy,Infra,NW Infra
cust043,고객 043,Tier1,금융,B36,손익020,E24,상품057,상품_대외용_020,1650600,14148000,대분류002,중분류002,Legacy,Infra,NW Infra
cust043,고객 043,Tier1,금융,B36,손익020,B36,상품030,상품_대외용_020,277567652,138772750,대분류002,중분류002,Legacy,Infra,NW Infra
cust043,고객 043,Tier1,금융,B38,손익013,B49,상품036,상품_대외용_007,3816000,1908000,대분류004,중분류012,Legacy,Application,AI Platform
cust043,고객 043,Tier1,금융,B38,손익013,B38,상품015,상품_대외용_007,40000000,24000000,대분류004,중분류012,Legacy,Application,AI Platform
cust043,고객 043,Tier1,금융,D20,손익001,D23,상품033,상품_대외용_023,59880000,60288000,대분류001,중분류001,AX,Infra,AI Infra
cust043,고객 043,Tier1,금융,D20,손익001,D21,상품016,상품_대외용_008,29370000,18256280,대분류001,중분류001,AX,Infra,AI Infra
cust043,고객 043,Tier1,금융,E20,손익006,E22,상품018,상품_대외용_010,202909116,101454558,대분류004,중분류006,Legacy,Application,Application
cust043,고객 043,Tier1,금융,E30,손익014,E32,상품021,상품_대외용_013,25944509,13170611,대분류004,중분류013,Legacy,Application,Application
cust043,고객 043,Tier1,금융,E40,손익024,E41,상품037,상품_대외용_026,4054000,1878000,대분류004,중분류006,Legacy,Application,Application
cust043,고객 043,Tier1,금융,K10,손익015,K13,상품024,상품_대외용_014,22437126,7449312,대분류004,중분류014,Legacy,Infra,NW Infra
cust043,고객 043,Tier1,금융,K10,손익015,K11,상품023,상품_대외용_014,6416228946,2874817415,대분류004,중분류014,Legacy,Infra,NW Infra
cust043,고객 043,Tier1,금융,K10,손익015,K12,상품039,상품_대외용_014,66658841,32202396,대분류004,중분류014,Legacy,Infra,NW Infra
cust043,고객 043,Tier1,금융,K14,손익016,K14,상품025,상품_대외용_015,7212235,3903586,대분류004,중분류014,Legacy,Infra,NW Infra
cust043,고객 043,Tier1,금융,L10,손익017,L13,상품040,상품_대외용_028,1356000,678000,대분류004,중분류015,Legacy,Infra,NW Infra
cust043,고객 043,Tier1,금융,L10,손익017,L11,상품026,상품_대외용_016,1693075345,888234150,대분류004,중분류015,Legacy,Infra,NW Infra
cust043,고객 043,Tier1,금융,L30,손익022,L31,상품034,상품_대외용_024,7248000,9402571,대분류004,중분류015,Legacy,Infra,NW Infra
cust043,고객 043,Tier1,금융,W14,손익028,W15,상품047,상품_대외용_014,1599579,630375,대분류004,중분류014,Legacy,Infra,NW Infra
cust043,고객 043,Tier1,금융,W14,손익028,W14,상품046,상품_대외용_014,29122348,16213416,대분류004,중분류014,Legacy,Infra,NW Infra
cust019,고객 019,Tier3,대기업,A30,손익009,A32,상품011,상품_대외용_003,-829001,-36916,대분류004,중분류008,Legacy,Infra,NW Infra
cust019,고객 019,Tier3,대기업,A30,손익009,A31,상품048,상품_대외용_032,0,0,대분류004,중분류008,Legacy,Infra,NW Infra
cust019,고객 019,Tier3,대기업,B30,손익012,B32,상품014,상품_대외용_006,710541315,372847711,대분류004,중분류011,Legacy,Infra,NW Infra
cust019,고객 019,Tier3,대기업,B36,손익020,B36,상품030,상품_대외용_020,257703600,104211455,대분류002,중분류002,Legacy,Infra,NW Infra
cust019,고객 019,Tier3,대기업,B38,손익013,B38,상품015,상품_대외용_007,96000000,48000000,대분류004,중분류012,Legacy,Application,AI Platform
cust019,고객 019,Tier3,대기업,B50,손익021,B51,상품032,상품_대외용_022,394120,426000,대분류002,중분류004,Legacy,Infra,NW Infra
cust019,고객 019,Tier3,대기업,E20,손익006,E26,상품017,상품_대외용_009,0,0,대분류004,중분류006,Legacy,Application,Application
cust019,고객 019,Tier3,대기업,E40,손익024,E41,상품037,상품_대외용_026,0,0,대분류004,중분류006,Legacy,Application,Application
cust019,고객 019,Tier3,대기업,K10,손익015,K13,상품024,상품_대외용_014,27267042,16486156,대분류004,중분류014,Legacy,Infra,NW Infra
cust019,고객 019,Tier3,대기업,K10,손익015,K11,상품023,상품_대외용_014,238982543,151500473,대분류004,중분류014,Legacy,Infra,NW Infra
cust019,고객 019,Tier3,대기업,K14,손익016,K14,상품025,상품_대외용_015,388967998,213047737,대분류004,중분류014,Legacy,Infra,NW Infra
cust019,고객 019,Tier3,대기업,L10,손익017,L11,상품026,상품_대외용_016,915080887,445266595,대분류004,중분류015,Legacy,Infra,NW Infra
cust019,고객 019,Tier3,대기업,L30,손익022,L34,상품041,상품_대외용_016,1200000,1815798,대분류004,중분류015,Legacy,Infra,NW Infra
cust019,고객 019,Tier3,대기업,L30,손익022,L31,상품034,상품_대외용_024,408629799,77746511,대분류004,중분류015,Legacy,Infra,NW Infra
cust019,고객 019,Tier3,대기업,M20,손익023,M21,상품035,상품_대외용_025,42992120,17709177,대분류005,중분류017,Legacy,Infra,NW Infra
cust019,고객 019,Tier3,대기업,M30,손익032,M31,상품056,상품_대외용_039,239444934,0,대분류006,중분류019,Legacy,Infra,NW Infra
cust019,고객 019,Tier3,대기업,M30,손익032,M31,상품055,상품_대외용_039,0,119719740,대분류006,중분류019,Legacy,Infra,NW Infra
cust019,고객 019,Tier3,대기업,T30,손익007,T37,상품007,상품_대외용_001,145565066,66915388,대분류005,중분류007,Legacy,Infra,Application
cust019,고객 019,Tier3,대기업,V10,손익018,V11,상품027,상품_대외용_017,358404,71625,대분류002,중분류002,Legacy,Infra,NW Infra
cust019,고객 019,Tier3,대기업,W14,손익028,W15,상품047,상품_대외용_014,8717353,5204494,대분류004,중분류014,Legacy,Infra,NW Infra
cust019,고객 019,Tier3,대기업,X10,손익019,X11,상품028,상품_대외용_018,824610000,461236300,대분류004,중분류016,Legacy,Infra,NW Infra
cust020,고객 020,Tier2,온라인/IT,A30,손익009,A33,상품029,상품_대외용_019,8802043,302930397,대분류004,중분류008,Legacy,Infra,NW Infra
cust020,고객 020,Tier2,온라인/IT,A30,손익009,A32,상품011,상품_대외용_003,804429290,473114166,대분류004,중분류008,Legacy,Infra,NW Infra
cust020,고객 020,Tier2,온라인/IT,A35,손익010,A35,상품012,상품_대외용_004,536136911,282807891,대분류003,중분류009,AX,Application,AI Model
cust020,고객 020,Tier2,온라인/IT,A36,손익011,A36,상품013,상품_대외용_005,0,246915000,대분류003,중분류010,AX,Application,AI Model
cust020,고객 020,Tier2,온라인/IT,B30,손익012,B32,상품014,상품_대외용_006,702077418,528314516,대분류004,중분류011,Legacy,Infra,NW Infra
cust020,고객 020,Tier2,온라인/IT,B36,손익020,B36,상품030,상품_대외용_020,176704136,92718027,대분류002,중분류002,Legacy,Infra,NW Infra
cust020,고객 020,Tier2,온라인/IT,B50,손익021,B51,상품032,상품_대외용_022,283200,172600,대분류002,중분류004,Legacy,Infra,NW Infra
cust020,고객 020,Tier2,온라인/IT,D20,손익001,D23,상품033,상품_대외용_023,158427380,510521561,대분류001,중분류001,AX,Infra,AI Infra
cust020,고객 020,Tier2,온라인/IT,D20,손익001,D21,상품016,상품_대외용_008,2203887859,1395407673,대분류001,중분류001,AX,Infra,AI Infra
cust020,고객 020,Tier2,온라인/IT,E20,손익006,E26,상품017,상품_대외용_009,130604,70200,대분류004,중분류006,Legacy,Application,Application
cust020,고객 020,Tier2,온라인/IT,E20,손익006,E25,상품019,상품_대외용_011,144390,72039,대분류004,중분류006,Legacy,Application,Application
cust020,고객 020,Tier2,온라인/IT,E30,손익014,E31,상품022,상품_대외용_013,4046283,1622155,대분류004,중분류013,Legacy,Application,Application
cust020,고객 020,Tier2,온라인/IT,K10,손익015,K13,상품024,상품_대외용_014,6597,3178,대분류004,중분류014,Legacy,Infra,NW Infra
cust020,고객 020,Tier2,온라인/IT,K10,손익015,K11,상품023,상품_대외용_014,3756685,1893159,대분류004,중분류014,Legacy,Infra,NW Infra
cust020,고객 020,Tier2,온라인/IT,K14,손익016,K14,상품025,상품_대외용_015,44497283,22651153,대분류004,중분류014,Legacy,Infra,NW Infra
cust020,고객 020,Tier2,온라인/IT,L10,손익017,L11,상품026,상품_대외용_016,1211679053,682718818,대분류004,중분류015,Legacy,Infra,NW Infra
cust020,고객 020,Tier2,온라인/IT,L30,손익022,L31,상품034,상품_대외용_024,208836495,0,대분류004,중분류015,Legacy,Infra,NW Infra
cust020,고객 020,Tier2,온라인/IT,M20,손익023,M21,상품035,상품_대외용_025,3322846675,1474229533,대분류005,중분류017,Legacy,Infra,NW Infra
cust020,고객 020,Tier2,온라인/IT,T10,손익008,T11,상품010,상품_대외용_002,334000,0,대분류002,중분류002,Legacy,Application,Application
cust020,고객 020,Tier2,온라인/IT,T12,손익026,T12,상품043,상품_대외용_030,171400,319152,대분류002,중분류004,Legacy,Application,Application
cust020,고객 020,Tier2,온라인/IT,V10,손익018,V11,상품027,상품_대외용_017,801155,395517,대분류002,중분류002,Legacy,Infra,NW Infra
cust044,고객 044,Tier2,대기업,A30,손익009,A31,상품048,상품_대외용_032,18807156,9587300,대분류004,중분류008,Legacy,Infra,NW Infra
cust044,고객 044,Tier2,대기업,A30,손익009,A32,상품011,상품_대외용_003,13107339,7536502,대분류004,중분류008,Legacy,Infra,NW Infra
cust044,고객 044,Tier2,대기업,B30,손익012,B32,상품014,상품_대외용_006,951841229,455608836,대분류004,중분류011,Legacy,Infra,NW Infra
cust044,고객 044,Tier2,대기업,B36,손익020,B36,상품030,상품_대외용_020,805324397,337994564,대분류002,중분류002,Legacy,Infra,NW Infra
cust044,고객 044,Tier2,대기업,B38,손익013,B38,상품015,상품_대외용_007,144000000,72250000,대분류004,중분류012,Legacy,Application,AI Platform
cust044,고객 044,Tier2,대기업,B50,손익021,B51,상품032,상품_대외용_022,480000,240000,대분류002,중분류004,Legacy,Infra,NW Infra
cust044,고객 044,Tier2,대기업,D20,손익001,D21,상품016,상품_대외용_008,52112097,27557143,대분류001,중분류001,AX,Infra,AI Infra
cust044,고객 044,Tier2,대기업,E20,손익006,E26,상품017,상품_대외용_009,59500,39000,대분류004,중분류006,Legacy,Application,Application
cust044,고객 044,Tier2,대기업,E20,손익006,E21,상품054,상품_대외용_038,360000,180000,대분류004,중분류006,Legacy,Application,Application
cust044,고객 044,Tier2,대기업,E30,손익014,E31,상품022,상품_대외용_013,1175205479,1924064946,대분류004,중분류013,Legacy,Application,Application
cust044,고객 044,Tier2,대기업,K10,손익015,K11,상품023,상품_대외용_014,2098064,722323,대분류004,중분류014,Legacy,Infra,NW Infra
cust044,고객 044,Tier2,대기업,K14,손익016,K14,상품025,상품_대외용_015,731901870,394115393,대분류004,중분류014,Legacy,Infra,NW Infra
cust044,고객 044,Tier2,대기업,L10,손익017,L13,상품040,상품_대외용_028,2630520,1315260,대분류004,중분류015,Legacy,Infra,NW Infra
cust044,고객 044,Tier2,대기업,L10,손익017,L11,상품026,상품_대외용_016,576503143,225853796,대분류004,중분류015,Legacy,Infra,NW Infra
cust044,고객 044,Tier2,대기업,L30,손익022,L34,상품041,상품_대외용_016,0,0,대분류004,중분류015,Legacy,Infra,NW Infra
cust044,고객 044,Tier2,대기업,M20,손익023,M21,상품035,상품_대외용_025,183881590,78692024,대분류005,중분류017,Legacy,Infra,NW Infra
cust044,고객 044,Tier2,대기업,M30,손익032,M31,상품056,상품_대외용_039,202913,0,대분류006,중분류019,Legacy,Infra,NW Infra
cust044,고객 044,Tier2,대기업,T30,손익007,T37,상품007,상품_대외용_001,945407304,498255247,대분류005,중분류007,Legacy,Infra,Application
cust044,고객 044,Tier2,대기업,V10,손익018,V11,상품027,상품_대외용_017,384766,192886,대분류002,중분류002,Legacy,Infra,NW Infra
cust045,고객 045,Tier3,글로벌,B30,손익012,B32,상품014,상품_대외용_006,715695042,524478294,대분류004,중분류011,Legacy,Infra,NW Infra
cust045,고객 045,Tier3,글로벌,E20,손익006,E25,상품019,상품_대외용_011,35640,17820,대분류004,중분류006,Legacy,Application,Application
cust045,고객 045,Tier3,글로벌,E20,손익006,E26,상품017,상품_대외용_009,17820,8910,대분류004,중분류006,Legacy,Application,Application
cust045,고객 045,Tier3,글로벌,L10,손익017,L11,상품026,상품_대외용_016,0,158064516,대분류004,중분류015,Legacy,Infra,NW Infra
cust045,고객 045,Tier3,글로벌,L30,손익022,L31,상품034,상품_대외용_024,428645161,359400000,대분류004,중분류015,Legacy,Infra,NW Infra
cust046,고객 046,Tier2,대기업,A30,손익009,A31,상품048,상품_대외용_032,228593,96814,대분류004,중분류008,Legacy,Infra,NW Infra
cust046,고객 046,Tier2,대기업,A30,손익009,A33,상품029,상품_대외용_019,10354713,5081123,대분류004,중분류008,Legacy,Infra,NW Infra
cust046,고객 046,Tier2,대기업,A30,손익009,A32,상품011,상품_대외용_003,62693040,30285757,대분류004,중분류008,Legacy,Infra,NW Infra
cust046,고객 046,Tier2,대기업,B30,손익012,B32,상품014,상품_대외용_006,982131407,510974658,대분류004,중분류011,Legacy,Infra,NW Infra
cust046,고객 046,Tier2,대기업,B36,손익020,B36,상품030,상품_대외용_020,228958517,114840622,대분류002,중분류002,Legacy,Infra,NW Infra
cust046,고객 046,Tier2,대기업,B38,손익013,B48,상품031,상품_대외용_021,2192661,3021000,대분류004,중분류012,Legacy,Application,AI Platform
cust046,고객 046,Tier2,대기업,B38,손익013,B49,상품036,상품_대외용_007,426934467,222791649,대분류004,중분류012,Legacy,Application,AI Platform
cust046,고객 046,Tier2,대기업,B38,손익013,B38,상품015,상품_대외용_007,1835000,0,대분류004,중분류012,Legacy,Application,AI Platform
cust046,고객 046,Tier2,대기업,B50,손익021,B51,상품032,상품_대외용_022,1558351,777300,대분류002,중분류004,Legacy,Infra,NW Infra
cust046,고객 046,Tier2,대기업,D20,손익001,D21,상품016,상품_대외용_008,1193154390,833384045,대분류001,중분류001,AX,Infra,AI Infra
cust046,고객 046,Tier2,대기업,E20,손익006,E26,상품017,상품_대외용_009,470400,73000,대분류004,중분류006,Legacy,Application,Application
cust046,고객 046,Tier2,대기업,E30,손익014,E31,상품022,상품_대외용_013,0,0,대분류004,중분류013,Legacy,Application,Application
cust046,고객 046,Tier2,대기업,K10,손익015,K12,상품039,상품_대외용_014,16403256,8446080,대분류004,중분류014,Legacy,Infra,NW Infra
cust046,고객 046,Tier2,대기업,K10,손익015,K11,상품023,상품_대외용_014,150460429,81258243,대분류004,중분류014,Legacy,Infra,NW Infra
cust046,고객 046,Tier2,대기업,K10,손익015,K13,상품024,상품_대외용_014,245891838,127510661,대분류004,중분류014,Legacy,Infra,NW Infra
cust046,고객 046,Tier2,대기업,K14,손익016,K14,상품025,상품_대외용_015,85161226,109133024,대분류004,중분류014,Legacy,Infra,NW Infra
cust046,고객 046,Tier2,대기업,L10,손익017,L11,상품026,상품_대외용_016,7369878265,2635660229,대분류004,중분류015,Legacy,Infra,NW Infra
cust046,고객 046,Tier2,대기업,L30,손익022,L31,상품034,상품_대외용_024,3031936446,1531439483,대분류004,중분류015,Legacy,Infra,NW Infra
cust046,고객 046,Tier2,대기업,L30,손익022,L34,상품041,상품_대외용_016,24480000,12240000,대분류004,중분류015,Legacy,Infra,NW Infra
cust046,고객 046,Tier2,대기업,M20,손익023,M21,상품035,상품_대외용_025,5696595,2684376,대분류005,중분류017,Legacy,Infra,NW Infra
cust046,고객 046,Tier2,대기업,T12,손익026,T12,상품043,상품_대외용_030,228000,114000,대분류002,중분류004,Legacy,Application,Application
cust046,고객 046,Tier2,대기업,V10,손익018,V11,상품027,상품_대외용_017,7575324,4337129,대분류002,중분류002,Legacy,Infra,NW Infra
cust046,고객 046,Tier2,대기업,W14,손익028,W14,상품046,상품_대외용_014,12996452,6767520,대분류004,중분류014,Legacy,Infra,NW Infra
cust046,고객 046,Tier2,대기업,W14,손익028,W15,상품047,상품_대외용_014,319766,146498,대분류004,중분류014,Legacy,Infra,NW Infra
cust047,고객 047,Tier3,글로벌,B30,손익012,B32,상품014,상품_대외용_006,6926472378,3855927660,대분류004,중분류011,Legacy,Infra,NW Infra
cust021,고객 021,Tier3,온라인/IT,A30,손익009,A32,상품011,상품_대외용_003,70084807,39330130,대분류004,중분류008,Legacy,Infra,NW Infra
cust021,고객 021,Tier3,온라인/IT,A30,손익009,A31,상품048,상품_대외용_032,2729946,1392260,대분류004,중분류008,Legacy,Infra,NW Infra
cust021,고객 021,Tier3,온라인/IT,A30,손익009,A33,상품029,상품_대외용_019,40337781,16033916,대분류004,중분류008,Legacy,Infra,NW Infra
cust021,고객 021,Tier3,온라인/IT,A35,손익010,A35,상품012,상품_대외용_004,168188949,92715917,대분류003,중분류009,AX,Application,AI Model
cust021,고객 021,Tier3,온라인/IT,B30,손익012,B32,상품014,상품_대외용_006,19248000,9624000,대분류004,중분류011,Legacy,Infra,NW Infra
cust021,고객 021,Tier3,온라인/IT,B36,손익020,B36,상품030,상품_대외용_020,2880000,1693753,대분류002,중분류002,Legacy,Infra,NW Infra
cust021,고객 021,Tier3,온라인/IT,D20,손익001,D21,상품016,상품_대외용_008,2865791307,1605613679,대분류001,중분류001,AX,Infra,AI Infra
cust021,고객 021,Tier3,온라인/IT,E30,손익014,E34,상품020,상품_대외용_012,669806311,265585865,대분류004,중분류013,Legacy,Application,Application
cust021,고객 021,Tier3,온라인/IT,K10,손익015,K11,상품023,상품_대외용_014,14084970,16362505,대분류004,중분류014,Legacy,Infra,NW Infra
cust021,고객 021,Tier3,온라인/IT,K10,손익015,K13,상품024,상품_대외용_014,2933404,1136177,대분류004,중분류014,Legacy,Infra,NW Infra
cust021,고객 021,Tier3,온라인/IT,K14,손익016,K14,상품025,상품_대외용_015,2346225,0,대분류004,중분류014,Legacy,Infra,NW Infra
cust021,고객 021,Tier3,온라인/IT,L10,손익017,L11,상품026,상품_대외용_016,438889513,272591278,대분류004,중분류015,Legacy,Infra,NW Infra
cust021,고객 021,Tier3,온라인/IT,V10,손익018,V11,상품027,상품_대외용_017,3819504,1940771,대분류002,중분류002,Legacy,Infra,NW Infra
cust022,고객 022,Tier2,금융,A30,손익009,A31,상품048,상품_대외용_032,871938,1005917,대분류004,중분류008,Legacy,Infra,NW Infra
cust022,고객 022,Tier2,금융,A30,손익009,A32,상품011,상품_대외용_003,428230,214020,대분류004,중분류008,Legacy,Infra,NW Infra
cust022,고객 022,Tier2,금융,B30,손익012,B32,상품014,상품_대외용_006,140076300,63595302,대분류004,중분류011,Legacy,Infra,NW Infra
cust022,고객 022,Tier2,금융,B36,손익020,B36,상품030,상품_대외용_020,3360000,2842583,대분류002,중분류002,Legacy,Infra,NW Infra
cust022,고객 022,Tier2,금융,D20,손익001,D21,상품016,상품_대외용_008,4194027473,2592887243,대분류001,중분류001,AX,Infra,AI Infra
cust022,고객 022,Tier2,금융,E20,손익006,E25,상품019,상품_대외용_011,276000,38000,대분류004,중분류006,Legacy,Application,Application
cust022,고객 022,Tier2,금융,E30,손익014,E31,상품022,상품_대외용_013,178494439,85684261,대분류004,중분류013,Legacy,Application,Application
cust022,고객 022,Tier2,금융,E30,손익014,E32,상품021,상품_대외용_013,152587943,76950552,대분류004,중분류013,Legacy,Application,Application
cust022,고객 022,Tier2,금융,K10,손익015,K11,상품023,상품_대외용_014,6394576,3141614,대분류004,중분류014,Legacy,Infra,NW Infra
cust022,고객 022,Tier2,금융,K10,손익015,K13,상품024,상품_대외용_014,242111,142194,대분류004,중분류014,Legacy,Infra,NW Infra
cust022,고객 022,Tier2,금융,L10,손익017,L11,상품026,상품_대외용_016,346624939,219802576,대분류004,중분류015,Legacy,Infra,NW Infra
cust022,고객 022,Tier2,금융,L30,손익022,L34,상품041,상품_대외용_016,3299866364,116822000,대분류004,중분류015,Legacy,Infra,NW Infra
cust022,고객 022,Tier2,금융,M20,손익023,M21,상품035,상품_대외용_025,402000,201000,대분류005,중분류017,Legacy,Infra,NW Infra
cust022,고객 022,Tier2,금융,X10,손익019,X11,상품028,상품_대외용_018,112050000,228940000,대분류004,중분류016,Legacy,Infra,NW Infra
cust023,고객 023,Tier2,금융,A30,손익009,A32,상품011,상품_대외용_003,3627283234,1769214491,대분류004,중분류008,Legacy,Infra,NW Infra
cust023,고객 023,Tier2,금융,A30,손익009,A31,상품048,상품_대외용_032,30787788,14874219,대분류004,중분류008,Legacy,Infra,NW Infra
cust023,고객 023,Tier2,금융,A35,손익010,A35,상품012,상품_대외용_004,1085269992,559739157,대분류003,중분류009,AX,Application,AI Model
cust023,고객 023,Tier2,금융,B36,손익020,B36,상품030,상품_대외용_020,144924304,69830554,대분류002,중분류002,Legacy,Infra,NW Infra
cust023,고객 023,Tier2,금융,B36,손익020,E24,상품057,상품_대외용_020,8886780,4443390,대분류002,중분류002,Legacy,Infra,NW Infra
cust023,고객 023,Tier2,금융,B50,손익021,B51,상품032,상품_대외용_022,519000,259500,대분류002,중분류004,Legacy,Infra,NW Infra
cust023,고객 023,Tier2,금융,E20,손익006,E26,상품017,상품_대외용_009,7020,6000,대분류004,중분류006,Legacy,Application,Application
cust023,고객 023,Tier2,금융,E30,손익014,E32,상품021,상품_대외용_013,1898552,12463259,대분류004,중분류013,Legacy,Application,Application
cust023,고객 023,Tier2,금융,E30,손익014,E31,상품022,상품_대외용_013,8397903342,3254160967,대분류004,중분류013,Legacy,Application,Application
cust023,고객 023,Tier2,금융,E30,손익014,E34,상품020,상품_대외용_012,1935919643,854895256,대분류004,중분류013,Legacy,Application,Application
cust023,고객 023,Tier2,금융,E40,손익024,E41,상품037,상품_대외용_026,2145042,1072496,대분류004,중분류006,Legacy,Application,Application
cust023,고객 023,Tier2,금융,K10,손익015,K13,상품024,상품_대외용_014,5774318,2971348,대분류004,중분류014,Legacy,Infra,NW Infra
cust023,고객 023,Tier2,금융,K10,손익015,K11,상품023,상품_대외용_014,100007878,53885579,대분류004,중분류014,Legacy,Infra,NW Infra
cust023,고객 023,Tier2,금융,K14,손익016,K14,상품025,상품_대외용_015,76312730,45255077,대분류004,중분류014,Legacy,Infra,NW Infra
cust023,고객 023,Tier2,금융,L10,손익017,L11,상품026,상품_대외용_016,27044076,13522300,대분류004,중분류015,Legacy,Infra,NW Infra
cust023,고객 023,Tier2,금융,M20,손익023,M21,상품035,상품_대외용_025,2456400,1228200,대분류005,중분류017,Legacy,Infra,NW Infra
cust023,고객 023,Tier2,금융,T12,손익026,T12,상품043,상품_대외용_030,170760,85380,대분류002,중분류004,Legacy,Application,Application
cust023,고객 023,Tier2,금융,V10,손익018,V11,상품027,상품_대외용_017,3368223,1848805,대분류002,중분류002,Legacy,Infra,NW Infra
cust023,고객 023,Tier2,금융,V15,손익027,V15,상품044,상품_대외용_031,12000,6000,대분류002,중분류004,Legacy,Infra,NW Infra
cust023,고객 023,Tier2,금융,W14,손익028,W15,상품047,상품_대외용_014,2311972,1032209,대분류004,중분류014,Legacy,Infra,NW Infra
cust023,고객 023,Tier2,금융,X10,손익019,X11,상품028,상품_대외용_018,12182000,193876862,대분류004,중분류016,Legacy,Infra,NW Infra
cust048,고객 048,Tier2,금융,A30,손익009,A31,상품048,상품_대외용_032,1197724,0,대분류004,중분류008,Legacy,Infra,NW Infra
cust048,고객 048,Tier2,금융,A30,손익009,A33,상품029,상품_대외용_019,759004,0,대분류004,중분류008,Legacy,Infra,NW Infra
cust048,고객 048,Tier2,금융,A30,손익009,A32,상품011,상품_대외용_003,228966407,7450,대분류004,중분류008,Legacy,Infra,NW Infra
cust048,고객 048,Tier2,금융,A35,손익010,A35,상품012,상품_대외용_004,156913627,0,대분류003,중분류009,AX,Application,AI Model
cust048,고객 048,Tier2,금융,B30,손익012,B32,상품014,상품_대외용_006,46800000,23400000,대분류004,중분류011,Legacy,Infra,NW Infra
cust048,고객 048,Tier2,금융,B36,손익020,B36,상품030,상품_대외용_020,1992000,912000,대분류002,중분류002,Legacy,Infra,NW Infra
cust048,고객 048,Tier2,금융,D20,손익001,D21,상품016,상품_대외용_008,1589940000,794970000,대분류001,중분류001,AX,Infra,AI Infra
cust048,고객 048,Tier2,금융,E30,손익014,E31,상품022,상품_대외용_013,21158812,10445772,대분류004,중분류013,Legacy,Application,Application
cust048,고객 048,Tier2,금융,E30,손익014,E32,상품021,상품_대외용_013,1878047466,1060556938,대분류004,중분류013,Legacy,Application,Application
cust048,고객 048,Tier2,금융,E40,손익024,E41,상품037,상품_대외용_026,156000,78000,대분류004,중분류006,Legacy,Application,Application
cust048,고객 048,Tier2,금융,K10,손익015,K11,상품023,상품_대외용_014,625981659,0,대분류004,중분류014,Legacy,Infra,NW Infra
cust048,고객 048,Tier2,금융,K10,손익015,K13,상품024,상품_대외용_014,97015808,0,대분류004,중분류014,Legacy,Infra,NW Infra
cust048,고객 048,Tier2,금융,K14,손익016,K14,상품025,상품_대외용_015,475365,97655,대분류004,중분류014,Legacy,Infra,NW Infra
cust048,고객 048,Tier2,금융,L10,손익017,L11,상품026,상품_대외용_016,544326476,278429348,대분류004,중분류015,Legacy,Infra,NW Infra
cust048,고객 048,Tier2,금융,M20,손익023,M21,상품035,상품_대외용_025,0,4532976,대분류005,중분류017,Legacy,Infra,NW Infra
cust048,고객 048,Tier2,금융,W14,손익028,W15,상품047,상품_대외용_014,14564879,0,대분류004,중분류014,Legacy,Infra,NW Infra
cust049,고객 049,Tier3,금융,A30,손익009,A31,상품048,상품_대외용_032,1170740,535268,대분류004,중분류008,Legacy,Infra,NW Infra
cust049,고객 049,Tier3,금융,A30,손익009,A32,상품011,상품_대외용_003,152409255,125166861,대분류004,중분류008,Legacy,Infra,NW Infra
cust049,고객 049,Tier3,금융,A35,손익010,A35,상품012,상품_대외용_004,16012444,9975548,대분류003,중분류009,AX,Application,AI Model
cust049,고객 049,Tier3,금융,B30,손익012,B32,상품014,상품_대외용_006,804038400,402019200,대분류004,중분류011,Legacy,Infra,NW Infra
cust049,고객 049,Tier3,금융,B36,손익020,B36,상품030,상품_대외용_020,2256927,1141758,대분류002,중분류002,Legacy,Infra,NW Infra
cust049,고객 049,Tier3,금융,B38,손익013,B38,상품015,상품_대외용_007,156816000,78408000,대분류004,중분류012,Legacy,Application,AI Platform
cust049,고객 049,Tier3,금융,D20,손익001,D21,상품016,상품_대외용_008,1820676403,931437466,대분류001,중분류001,AX,Infra,AI Infra
cust049,고객 049,Tier3,금융,E30,손익014,E31,상품022,상품_대외용_013,476223719,363592752,대분류004,중분류013,Legacy,Application,Application
cust049,고객 049,Tier3,금융,E30,손익014,E32,상품021,상품_대외용_013,1282585525,688587388,대분류004,중분류013,Legacy,Application,Application
cust049,고객 049,Tier3,금융,E30,손익014,E34,상품020,상품_대외용_012,0,0,대분류004,중분류013,Legacy,Application,Application
cust049,고객 049,Tier3,금융,E40,손익024,E41,상품037,상품_대외용_026,1092000,546000,대분류004,중분류006,Legacy,Application,Application
cust049,고객 049,Tier3,금융,K10,손익015,K13,상품024,상품_대외용_014,11128564,5081777,대분류004,중분류014,Legacy,Infra,NW Infra
cust049,고객 049,Tier3,금융,K10,손익015,K11,상품023,상품_대외용_014,5700380,4835574,대분류004,중분류014,Legacy,Infra,NW Infra
cust049,고객 049,Tier3,금융,K14,손익016,K14,상품025,상품_대외용_015,12009651,5585295,대분류004,중분류014,Legacy,Infra,NW Infra
cust049,고객 049,Tier3,금융,L10,손익017,L11,상품026,상품_대외용_016,565883436,287003252,대분류004,중분류015,Legacy,Infra,NW Infra
cust049,고객 049,Tier3,금융,L30,손익022,L31,상품034,상품_대외용_024,20539508,26368432,대분류004,중분류015,Legacy,Infra,NW Infra
cust049,고객 049,Tier3,금융,V10,손익018,V11,상품027,상품_대외용_017,-900,0,대분류002,중분류002,Legacy,Infra,NW Infra
cust049,고객 049,Tier3,금융,W14,손익028,W15,상품047,상품_대외용_014,55939,41966,대분류004,중분류014,Legacy,Infra,NW Infra
cust050,고객 050,Tier3,SME,D25,손익031,D25,상품053,상품_대외용_037,0,1000000000,대분류001,중분류020,AX,Infra,AI Infra
cust024,고객 024,Tier2,대기업,A30,손익009,A31,상품048,상품_대외용_032,50666,24913,대분류004,중분류008,Legacy,Infra,NW Infra
cust024,고객 024,Tier2,대기업,A30,손익009,A32,상품011,상품_대외용_003,406316087,196293269,대분류004,중분류008,Legacy,Infra,NW Infra
cust024,고객 024,Tier2,대기업,A35,손익010,A35,상품012,상품_대외용_004,0,0,대분류003,중분류009,AX,Application,AI Model
cust024,고객 024,Tier2,대기업,A36,손익011,A36,상품013,상품_대외용_005,2264440000,0,대분류003,중분류010,AX,Application,AI Model
cust024,고객 024,Tier2,대기업,B30,손익012,B32,상품014,상품_대외용_006,52080000,26040000,대분류004,중분류011,Legacy,Infra,NW Infra
cust024,고객 024,Tier2,대기업,B36,손익020,B36,상품030,상품_대외용_020,55422514,29843496,대분류002,중분류002,Legacy,Infra,NW Infra
cust024,고객 024,Tier2,대기업,B50,손익021,B51,상품032,상품_대외용_022,78485927,37050354,대분류002,중분류004,Legacy,Infra,NW Infra
cust024,고객 024,Tier2,대기업,E20,손익006,E26,상품017,상품_대외용_009,60000,30000,대분류004,중분류006,Legacy,Application,Application
cust024,고객 024,Tier2,대기업,E20,손익006,E25,상품019,상품_대외용_011,4795372,2684195,대분류004,중분류006,Legacy,Application,Application
cust024,고객 024,Tier2,대기업,E30,손익014,E31,상품022,상품_대외용_013,235636922,109093936,대분류004,중분류013,Legacy,Application,Application
cust024,고객 024,Tier2,대기업,K10,손익015,K13,상품024,상품_대외용_014,25601208,8687558,대분류004,중분류014,Legacy,Infra,NW Infra
cust024,고객 024,Tier2,대기업,K10,손익015,K11,상품023,상품_대외용_014,158563893,70455012,대분류004,중분류014,Legacy,Infra,NW Infra
cust024,고객 024,Tier2,대기업,K14,손익016,K14,상품025,상품_대외용_015,8090390,3900626,대분류004,중분류014,Legacy,Infra,NW Infra
cust024,고객 024,Tier2,대기업,L10,손익017,L13,상품040,상품_대외용_028,8760000,4380000,대분류004,중분류015,Legacy,Infra,NW Infra
cust024,고객 024,Tier2,대기업,L10,손익017,L11,상품026,상품_대외용_016,139271400,74708646,대분류004,중분류015,Legacy,Infra,NW Infra
cust024,고객 024,Tier2,대기업,M20,손익023,M21,상품035,상품_대외용_025,5406813726,3706668833,대분류005,중분류017,Legacy,Infra,NW Infra
cust024,고객 024,Tier2,대기업,M30,손익032,M31,상품055,상품_대외용_039,0,15599697,대분류006,중분류019,Legacy,Infra,NW Infra
cust024,고객 024,Tier2,대기업,M30,손익032,M31,상품056,상품_대외용_039,31113818,0,대분류006,중분류019,Legacy,Infra,NW Infra
cust024,고객 024,Tier2,대기업,T10,손익008,T11,상품010,상품_대외용_002,237798,0,대분류002,중분류002,Legacy,Application,Application
cust024,고객 024,Tier2,대기업,T12,손익026,T12,상품043,상품_대외용_030,1064686,644792,대분류002,중분류004,Legacy,Application,Application
cust024,고객 024,Tier2,대기업,U12,손익034,U12,상품059,상품_대외용_041,3149729,0,대분류002,중분류002,Legacy,Application,Application
cust024,고객 024,Tier2,대기업,U17,손익035,U17,상품060,상품_대외용_041,123848300,375000,대분류002,중분류004,Legacy,Application,Application
cust024,고객 024,Tier2,대기업,V10,손익018,V11,상품027,상품_대외용_017,7247179,2743634,대분류002,중분류002,Legacy,Infra,NW Infra
cust024,고객 024,Tier2,대기업,V15,손익027,V16,상품045,상품_대외용_031,0,27500,대분류002,중분류004,Legacy,Infra,NW Infra
cust024,고객 024,Tier2,대기업,V15,손익027,V15,상품044,상품_대외용_031,1052562,490536,대분류002,중분류004,Legacy,Infra,NW Infra
cust024,고객 024,Tier2,대기업,W14,손익028,W15,상품047,상품_대외용_014,923265,390025,대분류004,중분류014,Legacy,Infra,NW Infra
cust051,고객 051,Tier2,대기업,A30,손익009,A31,상품048,상품_대외용_032,2147388,1073694,대분류004,중분류008,Legacy,Infra,NW Infra
cust051,고객 051,Tier2,대기업,A30,손익009,A32,상품011,상품_대외용_003,8318989,1832040,대분류004,중분류008,Legacy,Infra,NW Infra
cust051,고객 051,Tier2,대기업,A35,손익010,A35,상품012,상품_대외용_004,5281404,2283244,대분류003,중분류009,AX,Application,AI Model
cust051,고객 051,Tier2,대기업,B30,손익012,B32,상품014,상품_대외용_006,36000000,18000000,대분류004,중분류011,Legacy,Infra,NW Infra
cust051,고객 051,Tier2,대기업,B36,손익020,B36,상품030,상품_대외용_020,12185475,5227742,대분류002,중분류002,Legacy,Infra,NW Infra
cust051,고객 051,Tier2,대기업,B38,손익013,B38,상품015,상품_대외용_007,17952000,8976000,대분류004,중분류012,Legacy,Application,AI Platform
cust051,고객 051,Tier2,대기업,B50,손익021,B51,상품032,상품_대외용_022,3766680,1874340,대분류002,중분류004,Legacy,Infra,NW Infra
cust051,고객 051,Tier2,대기업,D20,손익001,D21,상품016,상품_대외용_008,7940388915,4063412238,대분류001,중분류001,AX,Infra,AI Infra
cust051,고객 051,Tier2,대기업,E20,손익006,E22,상품018,상품_대외용_010,2701500,1125000,대분류004,중분류006,Legacy,Application,Application
cust051,고객 051,Tier2,대기업,E20,손익006,E26,상품017,상품_대외용_009,48300,27100,대분류004,중분류006,Legacy,Application,Application
cust051,고객 051,Tier2,대기업,E30,손익014,E31,상품022,상품_대외용_013,1204923,601611,대분류004,중분류013,Legacy,Application,Application
cust051,고객 051,Tier2,대기업,E30,손익014,E32,상품021,상품_대외용_013,6218282,2357687,대분류004,중분류013,Legacy,Application,Application
cust051,고객 051,Tier2,대기업,E40,손익024,E41,상품037,상품_대외용_026,866494,432920,대분류004,중분류006,Legacy,Application,Application
cust051,고객 051,Tier2,대기업,K10,손익015,K13,상품024,상품_대외용_014,97392,46861,대분류004,중분류014,Legacy,Infra,NW Infra
cust051,고객 051,Tier2,대기업,K10,손익015,K11,상품023,상품_대외용_014,6242576,3095502,대분류004,중분류014,Legacy,Infra,NW Infra
cust051,고객 051,Tier2,대기업,K14,손익016,K14,상품025,상품_대외용_015,1534746540,776546702,대분류004,중분류014,Legacy,Infra,NW Infra
cust051,고객 051,Tier2,대기업,M20,손익023,M21,상품035,상품_대외용_025,12938400,6469200,대분류005,중분류017,Legacy,Infra,NW Infra
cust051,고객 051,Tier2,대기업,T12,손익026,T12,상품043,상품_대외용_030,170760,85380,대분류002,중분류004,Legacy,Application,Application
cust051,고객 051,Tier2,대기업,V10,손익018,V11,상품027,상품_대외용_017,788713,316973,대분류002,중분류002,Legacy,Infra,NW Infra
cust051,고객 051,Tier2,대기업,V15,손익027,V15,상품044,상품_대외용_031,12380,6114,대분류002,중분류004,Legacy,Infra,NW Infra
cust051,고객 051,Tier2,대기업,W14,손익028,W15,상품047,상품_대외용_014,3874,0,대분류004,중분류014,Legacy,Infra,NW Infra
cust025,고객 025,Tier1,공공,A30,손익009,A31,상품048,상품_대외용_032,1248124,624109,대분류004,중분류008,Legacy,Infra,NW Infra
cust025,고객 025,Tier1,공공,A30,손익009,A32,상품011,상품_대외용_003,790710,215088,대분류004,중분류008,Legacy,Infra,NW Infra
cust025,고객 025,Tier1,공공,B36,손익020,B36,상품030,상품_대외용_020,31123392,18063084,대분류002,중분류002,Legacy,Infra,NW Infra
cust025,고객 025,Tier1,공공,B50,손익021,B51,상품032,상품_대외용_022,3108237,1484040,대분류002,중분류004,Legacy,Infra,NW Infra
cust025,고객 025,Tier1,공공,E30,손익014,E32,상품021,상품_대외용_013,0,0,대분류004,중분류013,Legacy,Application,Application
cust025,고객 025,Tier1,공공,E30,손익014,E31,상품022,상품_대외용_013,4149328200,2042987201,대분류004,중분류013,Legacy,Application,Application
cust025,고객 025,Tier1,공공,E30,손익014,E34,상품020,상품_대외용_012,0,0,대분류004,중분류013,Legacy,Application,Application
cust025,고객 025,Tier1,공공,E40,손익024,E41,상품037,상품_대외용_026,2085699,996600,대분류004,중분류006,Legacy,Application,Application
cust025,고객 025,Tier1,공공,K10,손익015,K11,상품023,상품_대외용_014,107707077,55193679,대분류004,중분류014,Legacy,Infra,NW Infra
cust025,고객 025,Tier1,공공,K10,손익015,K13,상품024,상품_대외용_014,4349424,2126331,대분류004,중분류014,Legacy,Infra,NW Infra
cust025,고객 025,Tier1,공공,K14,손익016,K14,상품025,상품_대외용_015,940188,464689,대분류004,중분류014,Legacy,Infra,NW Infra
cust025,고객 025,Tier1,공공,L10,손익017,L11,상품026,상품_대외용_016,25455458,13950161,대분류004,중분류015,Legacy,Infra,NW Infra
cust025,고객 025,Tier1,공공,L10,손익017,L13,상품040,상품_대외용_028,46310030,19857540,대분류004,중분류015,Legacy,Infra,NW Infra
cust025,고객 025,Tier1,공공,M20,손익023,M21,상품035,상품_대외용_025,160690359,81409219,대분류005,중분류017,Legacy,Infra,NW Infra
cust025,고객 025,Tier1,공공,P10,손익036,P12,상품061,상품_대외용_042,28575438348,14432095733,대분류007,중분류022,Legacy,Infra,NW Infra
cust025,고객 025,Tier1,공공,P10,손익036,P11,상품062,상품_대외용_042,7112168586,3381498538,대분류007,중분류022,Legacy,Infra,NW Infra
cust025,고객 025,Tier1,공공,T10,손익008,T11,상품010,상품_대외용_002,963407,0,대분류002,중분류002,Legacy,Application,Application
cust025,고객 025,Tier1,공공,T12,손익026,T12,상품043,상품_대외용_030,863960,431760,대분류002,중분류004,Legacy,Application,Application
cust025,고객 025,Tier1,공공,T34,손익033,T34,상품058,상품_대외용_040,18437485291,9110413708,대분류005,중분류021,Legacy,Infra,NW Infra
cust025,고객 025,Tier1,공공,V10,손익018,V11,상품027,상품_대외용_017,116285564,57028497,대분류002,중분류002,Legacy,Infra,NW Infra
cust025,고객 025,Tier1,공공,W14,손익028,W15,상품047,상품_대외용_014,10937,6063,대분류004,중분류014,Legacy,Infra,NW Infra
cust026,고객 026,Tier2,금융,A30,손익009,A33,상품029,상품_대외용_019,185495087,81580033,대분류004,중분류008,Legacy,Infra,NW Infra
cust026,고객 026,Tier2,금융,A30,손익009,A32,상품011,상품_대외용_003,496435979,239427208,대분류004,중분류008,Legacy,Infra,NW Infra
cust026,고객 026,Tier2,금융,A30,손익009,A31,상품048,상품_대외용_032,16809028,11454720,대분류004,중분류008,Legacy,Infra,NW Infra
cust026,고객 026,Tier2,금융,A35,손익010,A35,상품012,상품_대외용_004,500738123,241580791,대분류003,중분류009,AX,Application,AI Model
cust026,고객 026,Tier2,금융,A36,손익011,A36,상품013,상품_대외용_005,85319934,104077476,대분류003,중분류010,AX,Application,AI Model
cust026,고객 026,Tier2,금융,A43,손익037,A43,상품063,상품_대외용_043,118320000,0,대분류003,중분류023,AX,Application,AI Model
cust026,고객 026,Tier2,금융,B30,손익012,B32,상품014,상품_대외용_006,860090652,427685248,대분류004,중분류011,Legacy,Infra,NW Infra
cust026,고객 026,Tier2,금융,B36,손익020,B36,상품030,상품_대외용_020,422130810,220474244,대분류002,중분류002,Legacy,Infra,NW Infra
cust026,고객 026,Tier2,금융,B36,손익020,E24,상품057,상품_대외용_020,30012000,15006000,대분류002,중분류002,Legacy,Infra,NW Infra
cust026,고객 026,Tier2,금융,B50,손익021,B51,상품032,상품_대외용_022,223572,111600,대분류002,중분류004,Legacy,Infra,NW Infra
cust026,고객 026,Tier2,금융,E20,손익006,E25,상품019,상품_대외용_011,126120934,66015783,대분류004,중분류006,Legacy,Application,Application
cust026,고객 026,Tier2,금융,E30,손익014,E31,상품022,상품_대외용_013,-7471,0,대분류004,중분류013,Legacy,Application,Application
cust026,고객 026,Tier2,금융,E40,손익024,E41,상품037,상품_대외용_026,1180344,488517,대분류004,중분류006,Legacy,Application,Application
cust026,고객 026,Tier2,금융,K10,손익015,K13,상품024,상품_대외용_014,76361192,21452436,대분류004,중분류014,Legacy,Infra,NW Infra
cust026,고객 026,Tier2,금융,K10,손익015,K11,상품023,상품_대외용_014,439963709,19378608,대분류004,중분류014,Legacy,Infra,NW Infra
cust026,고객 026,Tier2,금융,K14,손익016,K14,상품025,상품_대외용_015,51472132,22349772,대분류004,중분류014,Legacy,Infra,NW Infra
cust026,고객 026,Tier2,금융,L10,손익017,L13,상품040,상품_대외용_028,5352000,2676000,대분류004,중분류015,Legacy,Infra,NW Infra
cust026,고객 026,Tier2,금융,L10,손익017,L11,상품026,상품_대외용_016,2200187488,833287425,대분류004,중분류015,Legacy,Infra,NW Infra
cust026,고객 026,Tier2,금융,L30,손익022,L31,상품034,상품_대외용_024,264927354,138190185,대분류004,중분류015,Legacy,Infra,NW Infra
cust026,고객 026,Tier2,금융,M20,손익023,M21,상품035,상품_대외용_025,161640000,79096686,대분류005,중분류017,Legacy,Infra,NW Infra
cust026,고객 026,Tier2,금융,T10,손익008,T11,상품010,상품_대외용_002,1068667,0,대분류002,중분류002,Legacy,Application,Application
cust026,고객 026,Tier2,금융,T12,손익026,T12,상품043,상품_대외용_030,110668,55242,대분류002,중분류004,Legacy,Application,Application
cust026,고객 026,Tier2,금융,T30,손익007,T37,상품007,상품_대외용_001,83625600,41812800,대분류005,중분류007,Legacy,Infra,Application
cust026,고객 026,Tier2,금융,V10,손익018,V11,상품027,상품_대외용_017,5269757,3259181,대분류002,중분류002,Legacy,Infra,NW Infra
cust026,고객 026,Tier2,금융,W14,손익028,W15,상품047,상품_대외용_014,2558905,357039,대분류004,중분류014,Legacy,Infra,NW Infra
cust026,고객 026,Tier2,금융,X10,손익019,X11,상품028,상품_대외용_018,396821550,24000000,대분류004,중분류016,Legacy,Infra,NW Infra
cust052,고객 052,Tier1,온라인/IT,A30,손익009,A31,상품048,상품_대외용_032,48000,24000,대분류004,중분류008,Legacy,Infra,NW Infra
cust052,고객 052,Tier1,온라인/IT,B30,손익012,B32,상품014,상품_대외용_006,2562525646,1585609285,대분류004,중분류011,Legacy,Infra,NW Infra
cust052,고객 052,Tier1,온라인/IT,D20,손익001,D21,상품016,상품_대외용_008,77839903453,59110310908,대분류001,중분류001,AX,Infra,AI Infra
cust052,고객 052,Tier1,온라인/IT,D20,손익001,D23,상품033,상품_대외용_023,237617459,174705105,대분류001,중분류001,AX,Infra,AI Infra
cust052,고객 052,Tier1,온라인/IT,K10,손익015,K11,상품023,상품_대외용_014,2920254,1516804,대분류004,중분류014,Legacy,Infra,NW Infra
cust052,고객 052,Tier1,온라인/IT,K10,손익015,K13,상품024,상품_대외용_014,0,435,대분류004,중분류014,Legacy,Infra,NW Infra
cust052,고객 052,Tier1,온라인/IT,L10,손익017,L11,상품026,상품_대외용_016,1479960709,853397389,대분류004,중분류015,Legacy,Infra,NW Infra
cust052,고객 052,Tier1,온라인/IT,T30,손익007,T37,상품007,상품_대외용_001,0,0,대분류005,중분류007,Legacy,Infra,Application
cust052,고객 052,Tier1,온라인/IT,V10,손익018,V11,상품027,상품_대외용_017,105136,61828,대분류002,중분류002,Legacy,Infra,NW Infra
cust053,고객 053,Tier3,온라인/IT,A30,손익009,A32,상품011,상품_대외용_003,22854749,0,대분류004,중분류008,Legacy,Infra,NW Infra
cust053,고객 053,Tier3,온라인/IT,B30,손익012,B32,상품014,상품_대외용_006,23635352,25562916,대분류004,중분류011,Legacy,Infra,NW Infra
cust053,고객 053,Tier3,온라인/IT,B36,손익020,B36,상품030,상품_대외용_020,1188000,594000,대분류002,중분류002,Legacy,Infra,NW Infra
cust053,고객 053,Tier3,온라인/IT,D20,손익001,D21,상품016,상품_대외용_008,2108768917,1116220455,대분류001,중분류001,AX,Infra,AI Infra
cust053,고객 053,Tier3,온라인/IT,E20,손익006,E25,상품019,상품_대외용_011,3643392,2863035,대분류004,중분류006,Legacy,Application,Application
cust053,고객 053,Tier3,온라인/IT,K14,손익016,K14,상품025,상품_대외용_015,2896927,1610801,대분류004,중분류014,Legacy,Infra,NW Infra
cust053,고객 053,Tier3,온라인/IT,L10,손익017,L13,상품040,상품_대외용_028,3229930,0,대분류004,중분류015,Legacy,Infra,NW Infra
cust053,고객 053,Tier3,온라인/IT,L10,손익017,L11,상품026,상품_대외용_016,346256113,186198154,대분류004,중분류015,Legacy,Infra,NW Infra